id,customerid,firstname,lastname,address1,address2,city,zip,created,updated
1108,108,,,5718 Rue Jean-Baldassini,,Eriswil,9937,2018-08-02 11:52:31.805549+00,
1109,109,,,2276 Rue Abel-Hovelacque,,Buchs (Ag),5576,2018-08-02 11:52:31.805549+00,
1110,110,,,3646 Daisy Dr,,Arvada,98683,2018-08-02 11:52:31.805549+00,
1111,111,,,8115 High Street,,Wolverhampton,Q17 4XE,2018-08-02 11:52:31.805549+00,
1112,112,,,8115 Elgin St,,Shiloh,58151,2018-08-02 11:52:31.805549+00,
1113,113,,,3848 Fyrvej,,Ugerløse,24636,2018-08-02 11:52:31.805549+00,
1114,114,,,8477 Rue Du Stade,,Fahrwangen,3189,2018-08-02 11:52:31.805549+00,
1115,115,,,5393 Rue Pierre-Delore,,Aire-La-Ville,4519,2018-08-02 11:52:31.805549+00,
1116,116,,,1033 Biltstraat,,De Marne,51284,2018-08-02 11:52:31.805549+00,
1117,117,,,974 E Center St,,Concord,58333,2018-08-02 11:52:31.805549+00,
1118,118,,,736 New Road,,Worcester,V16 9UX,2018-08-02 11:52:31.805549+00,
1119,119,,,4414 Rue Desaix,,Speicher,9718,2018-08-02 11:52:31.805549+00,
1120,120,,,5593 Cackson St,,Indianapolis,91972,2018-08-02 11:52:31.805549+00,
1121,121,,,700 Spring St,,Traralgon,1270,2018-08-02 11:52:31.805549+00,
1122,122,,,Amselweg 107,,Bonndorf Im Schwarzwald,64406,2018-08-02 11:52:31.805549+00,
1123,123,,,6103 Neude,,Wormerland,20748,2018-08-02 11:52:31.805549+00,
1124,124,,,2704 Vesterlundvej,,Stoevring,99631,2018-08-02 11:52:31.805549+00,
1125,125,,,6283 Lange Nieuwstraat,,Hilversum,37030,2018-08-02 11:52:31.805549+00,
1126,126,,,6958 Springfield Road,,Belfast,C7 3ZR,2018-08-02 11:52:31.805549+00,
1127,127,,,7452 Rua Um,,São Paulo,87115,2018-08-02 11:52:31.805549+00,
1128,128,,,4332 Park Road,,Glasgow,ID76 3RA,2018-08-02 11:52:31.805549+00,
201,201,,,4899 West Street,,Ely,FS21 3LE,2018-08-02 11:52:31.805549+00,
1129,129,,,8294 Thornridge Cir,,Wollongong,9386,2018-08-02 11:52:31.805549+00,
303,303,,,8607 Homestead Rd,,El Cajon,58663,2018-08-02 11:52:31.805549+00,
304,304,,,5101 Amsterdamse-Straatweg,,Midden-Drenthe,69242,2018-08-02 11:52:31.805549+00,
276,276,,,1857 Rue D'Abbeville,,Hütten,2397,2018-08-02 11:52:31.805549+00,
305,305,,,4632 Bygvænget,,Ølstykke,90736,2018-08-02 11:52:31.805549+00,
306,306,,,Kirchgasse 200,,Unna,61094,2018-08-02 11:52:31.805549+00,
307,307,,,9636 Kongensgade,,Juelsminde,22450,2018-08-02 11:52:31.805549+00,
308,308,,,1456 Calle De Ferraz,,Talavera De La Reina,97253,2018-08-02 11:52:31.805549+00,
309,309,,,7218 Calle De Téllez,,Santiago De Compostela,47649,2018-08-02 11:52:31.805549+00,
310,310,,,1528 Tjørnebjerg,,Brondby,96664,2018-08-02 11:52:31.805549+00,
311,311,,,2783 Thorsgade,,Nr Åby,32904,2018-08-02 11:52:31.805549+00,
312,312,,,4252 Lakeview St,,Joliet,20080,2018-08-02 11:52:31.805549+00,
313,313,,,1420 Rua Alagoas ,,Muriaé,62362,2018-08-02 11:52:31.805549+00,
314,314,,,9471 Paardenveld,,Borne,14196,2018-08-02 11:52:31.805549+00,
315,315,,,Ringstraße 52,,Marktsteft,88134,2018-08-02 11:52:31.805549+00,
316,316,,,750 Ronda De Toledo,,Oviedo,27899,2018-08-02 11:52:31.805549+00,
317,317,,,7098 Ringkøbingvej,,Randers Nø,19075,2018-08-02 11:52:31.805549+00,
318,318,,,4411 Richmond Road,,Durham,KX2 6TF,2018-08-02 11:52:31.805549+00,
319,319,,,Rosenweg 111,,Köthen (Anhalt),29386,2018-08-02 11:52:31.805549+00,
320,320,,,4783 Rua Belo Horizonte ,,Jequié,52584,2018-08-02 11:52:31.805549+00,
321,321,,,662 Avenida Brasil ,,Barretos,79444,2018-08-02 11:52:31.805549+00,
322,322,,,8741 Oak Ridge Ln,,Ontario,38447,2018-08-02 11:52:31.805549+00,
323,323,,,5348 Kvædevej,,Ansager,54820,2018-08-02 11:52:31.805549+00,
324,324,,,8435 Edwards Rd,,Australian Capital Territory,6055,2018-08-02 11:52:31.805549+00,
325,325,,,6411 Mill Lane,,Stirling,LV4 6XT,2018-08-02 11:52:31.805549+00,
326,326,,,3562 Rua Sete De Setembro ,,Votorantim,65157,2018-08-02 11:52:31.805549+00,
327,327,,,5060 Paseo De Extremadura,,Granada,55537,2018-08-02 11:52:31.805549+00,
328,328,,,1047 Rue De La Baleine,,Jonen,1081,2018-08-02 11:52:31.805549+00,
329,329,,,6070 Miller Ave,,Rockhampton,7460,2018-08-02 11:52:31.805549+00,
330,330,,,1537 Park Road,,Ely,TH8V 5ZP,2018-08-02 11:52:31.805549+00,
331,331,,,8826 Enghavevej,,Ulsted,danmark,2018-08-02 11:52:31.805549+00,
332,332,,,336 Suvantokatu,,Pirkkala,56105,2018-08-02 11:52:31.805549+00,
333,333,,,4857 Avenue Du Fort-Caire,,Juriens,1554,2018-08-02 11:52:31.805549+00,
334,334,,,9654 Park Avenue,,Stevenage,A2 9SG,2018-08-02 11:52:31.805549+00,
335,335,,,7263 Calle De Tetuán,,San Sebastián,37636,2018-08-02 11:52:31.805549+00,
336,336,,,4619 Calle Del Arenal,,Alcobendas,28747,2018-08-02 11:52:31.805549+00,
337,337,,,9858 Rua Pernambuco ,,Alvorada,36461,2018-08-02 11:52:31.805549+00,
338,338,,,8293 H.C. Andersens Vej,,Billum,95111,2018-08-02 11:52:31.805549+00,
339,339,,,9240 Green Rd,,Coffs Harbour,6796,2018-08-02 11:52:31.805549+00,
340,340,,,9998 Bruce St,,Ballarat,8395,2018-08-02 11:52:31.805549+00,
341,341,,,4465 Lakeview St,,Hollywood,67767,2018-08-02 11:52:31.805549+00,
277,277,,,4673 Queens Road,,Newport,HR6W 8AL,2018-08-02 11:52:31.805549+00,
278,278,,,9212 Calle De Alberto Aguilera,,Vigo,31902,2018-08-02 11:52:31.805549+00,
279,279,,,6761 Highfield Road,,St Albans,UC2M 0FT,2018-08-02 11:52:31.805549+00,
280,280,,,5902 Hämeenkatu,,Paimio,77168,2018-08-02 11:52:31.805549+00,
281,281,,,9734 Rua Vinte E Dois ,,Eunápolis,31515,2018-08-02 11:52:31.805549+00,
282,282,,,1915 Rua Amazonas ,,Olinda,50897,2018-08-02 11:52:31.805549+00,
283,283,,,7739 Suvantokatu,,Vörå,83311,2018-08-02 11:52:31.805549+00,
284,284,,,5817 Reijolankatu,,Kiikoinen,94899,2018-08-02 11:52:31.805549+00,
285,285,,,8552 Donkere Gaard,,Heiloo,44649,2018-08-02 11:52:31.805549+00,
286,286,,,6376 The Green,,Plymouth,V28 0EY,2018-08-02 11:52:31.805549+00,
287,287,,,Lindenstraße 1,,St. Ingbert,23222,2018-08-02 11:52:31.805549+00,
288,288,,,8460 Rue Duguesclin,,Corcelles-Cormondrèche,5473,2018-08-02 11:52:31.805549+00,
289,289,,,1364 Calle De La Democracia,,Gandía,46296,2018-08-02 11:52:31.805549+00,
290,290,,,6781 Rua Primeiro De Maio ,,Mauá,58316,2018-08-02 11:52:31.805549+00,
291,291,,,6527 Rua Amazonas ,,Ilhéus,54391,2018-08-02 11:52:31.805549+00,
292,292,,,6692 Jaarbeursplein,,Waddinxveen,41460,2018-08-02 11:52:31.805549+00,
293,293,,,9310 Østre Strandvej,,Overby Lyng,41281,2018-08-02 11:52:31.805549+00,
294,294,,,739 Park Avenue,,York,W90 2SL,2018-08-02 11:52:31.805549+00,
295,295,,,6887 Algade,,Agerbæk,14362,2018-08-02 11:52:31.805549+00,
296,296,,,9064 Rua Dom Pedro Ii ,,Corumbá,53953,2018-08-02 11:52:31.805549+00,
297,297,,,Kirchstraße 139,,Zella-Mehlis,74792,2018-08-02 11:52:31.805549+00,
298,298,,,9442 Ranchview Dr,,Nowra,6128,2018-08-02 11:52:31.805549+00,
299,299,,,11 Lovers Ln,,Tweed,9951,2018-08-02 11:52:31.805549+00,
300,300,,,3462 Leidsekade,,Hulst,95435,2018-08-02 11:52:31.805549+00,
301,301,,,Beethovenstraße 189,,Unterschleißheim,96429,2018-08-02 11:52:31.805549+00,
302,302,,,Poststraße 74,,Kemberg,35511,2018-08-02 11:52:31.805549+00,
1077,1077,,,86 Rua Minas Gerais ,,Teixeira De Freitas,43288,2018-08-02 11:52:31.805549+00,
1078,1078,,,1819 Place Du 8 Février 1962,,Ehrendingen,7475,2018-08-02 11:52:31.805549+00,
1079,1079,,,6926 Rua Rui Barbosa ,,Florianópolis,67199,2018-08-02 11:52:31.805549+00,
1080,1080,,,1086 Egeskovvej,,København S,69777,2018-08-02 11:52:31.805549+00,
1081,1081,,,459 Hillcrest Rd,,Adelaide,967,2018-08-02 11:52:31.805549+00,
1082,1082,,,8928 Rua Rui Barbosa ,,São Caetano Do Sul,67400,2018-08-02 11:52:31.805549+00,
1083,1083,,,7592 Calle De Atocha,,Jerez De La Frontera,89463,2018-08-02 11:52:31.805549+00,
1084,1084,,,Birkenstraße 140,,Ahrensburg,76809,2018-08-02 11:52:31.805549+00,
1085,1085,,,4786 Graadt Van Roggenweg,,Loon Op Zand,43355,2018-08-02 11:52:31.805549+00,
1086,1086,,,349 Calle Covadonga,,Granada,84748,2018-08-02 11:52:31.805549+00,
1087,1087,,,8580 Rua São Luiz ,,Várzea Grande,39717,2018-08-02 11:52:31.805549+00,
1088,1088,,,8546 Æblevænget,,Pandrup,85203,2018-08-02 11:52:31.805549+00,
1089,1089,,,9406 Søndervej,,København V,11580,2018-08-02 11:52:31.805549+00,
1090,1090,,,3718 Paseo De Zorrilla,,La Coruña,76605,2018-08-02 11:52:31.805549+00,
1091,1091,,,8809 Avenida De La Albufera,,Gandía,42663,2018-08-02 11:52:31.805549+00,
1092,1092,,,4984 Crockett St,,Busselton,2150,2018-08-02 11:52:31.805549+00,
1093,1093,,,8320 Pecan Acres Ln,,Edison,37305,2018-08-02 11:52:31.805549+00,
203,203,,,4646 Avenue Des Ternes,,Bottmingen,7934,2018-08-02 11:52:31.805549+00,
204,204,,,4916 Køgevej,,﻿Aaborg Øst,39774,2018-08-02 11:52:31.805549+00,
205,205,,,Tulpenweg 15,,Röbel/Müritz,27280,2018-08-02 11:52:31.805549+00,
206,206,,,566 North Road,,Truro,G5K 1ST,2018-08-02 11:52:31.805549+00,
207,207,,,910 High Street,,Coventry,VY05 7UX,2018-08-02 11:52:31.805549+00,
208,208,,,6684 Havevej,,Sønder Stenderup,93222,2018-08-02 11:52:31.805549+00,
209,209,,,3610 Furkabaan,,Voorst,89174,2018-08-02 11:52:31.805549+00,
342,342,,,4025 Avenida De Andalucía,,Madrid,46314,2018-08-02 11:52:31.805549+00,
343,343,,,3222 Avenue De La République,,Wilen (Tg),4012,2018-08-02 11:52:31.805549+00,
234,234,,,499 Avenida Vinícius De Morais,,Campina Grande,68503,2018-08-02 11:52:31.805549+00,
235,235,,,7463 Stadionvej,,Juelsminde,94187,2018-08-02 11:52:31.805549+00,
236,236,,,2023 Stevens Creek Blvd,,Hayward,64138,2018-08-02 11:52:31.805549+00,
237,237,,,8088 Mockingbird Ln,,Darwin,8325,2018-08-02 11:52:31.805549+00,
238,238,,,544 College St,,Carrollton,17143,2018-08-02 11:52:31.805549+00,
239,239,,,6235 Agnetevej,,Branderup J,38031,2018-08-02 11:52:31.805549+00,
240,240,,,5130 Calle De Toledo,,Madrid,44293,2018-08-02 11:52:31.805549+00,
241,241,,,1325 Mirabellevej,,Brøndby Strand,46962,2018-08-02 11:52:31.805549+00,
242,242,,,7791 Rua Três,,Atibaia,37607,2018-08-02 11:52:31.805549+00,
243,243,,,4071 Vangen,,Jystrup,56156,2018-08-02 11:52:31.805549+00,
244,244,,,8726 Københavnsvej,,Gørløse,98194,2018-08-02 11:52:31.805549+00,
245,245,,,Danziger Straße 189,,Elzach,12378,2018-08-02 11:52:31.805549+00,
246,246,,,Kapellenweg 199,,Biedenkopf,45798,2018-08-02 11:52:31.805549+00,
247,247,,,1405 Brick Kiln Road,,Armagh,S28 7HE,2018-08-02 11:52:31.805549+00,
248,248,,,3707 Hatanpään Valtatie,,Savonlinna,15425,2018-08-02 11:52:31.805549+00,
249,249,,,5404 Keistraat,,Drechterland,11831,2018-08-02 11:52:31.805549+00,
250,250,,,1445 Jaarbeursplein,,Aa En Hunze,93533,2018-08-02 11:52:31.805549+00,
251,251,,,2846 Avenida Da Legalidade,,Cascavel,15621,2018-08-02 11:52:31.805549+00,
252,252,,,5437 Valley View Ln,,Surprise,55994,2018-08-02 11:52:31.805549+00,
253,253,,,6255 Kærsangervej,,København V,46725,2018-08-02 11:52:31.805549+00,
254,254,,,6369 Groveland Terrace,,Nowra,8991,2018-08-02 11:52:31.805549+00,
255,255,,,4313 Rue Desaix,,Chippis,3236,2018-08-02 11:52:31.805549+00,
256,256,,,6171 Hermiankatu,,Laitila,32338,2018-08-02 11:52:31.805549+00,
257,257,,,6543 Calle Del Barquillo,,Alcalá De Henares,33472,2018-08-02 11:52:31.805549+00,
258,258,,,2104 Calle De La Democracia,,Lorca,91377,2018-08-02 11:52:31.805549+00,
259,259,,,5807 Ronda De Toledo,,Mérida,59519,2018-08-02 11:52:31.805549+00,
260,260,,,Bachstraße 96,,Eschborn,30333,2018-08-02 11:52:31.805549+00,
261,261,,,Drosselweg 96,,Krakow Am See,54284,2018-08-02 11:52:31.805549+00,
262,262,,,2565 Vismarkt,,Sint Anthonis,63386,2018-08-02 11:52:31.805549+00,
263,263,,,3481 Bokstraat,,Sint Anthonis,34022,2018-08-02 11:52:31.805549+00,
264,264,,,6724 Rue De La Baleine,,Worb,9377,2018-08-02 11:52:31.805549+00,
265,265,,,83 Central St,,Grapevine,80973,2018-08-02 11:52:31.805549+00,
266,266,,,3879 Calle De Argumosa,,Bilbao,95996,2018-08-02 11:52:31.805549+00,
267,267,,,Wiesenweg 51,,Künzelsau,22994,2018-08-02 11:52:31.805549+00,
268,268,,,2456 Gammel Landevej,,Nørre Sundby,78188,2018-08-02 11:52:31.805549+00,
269,269,,,4602 Calle De Arganzuela,,Gijón,63954,2018-08-02 11:52:31.805549+00,
270,270,,,2415 Calle De Argumosa,,Vitoria,36472,2018-08-02 11:52:31.805549+00,
271,271,,,6141 Avenue Paul Eluard,,Grandvillard,6326,2018-08-02 11:52:31.805549+00,
272,272,,,294 W Sherman Dr,,Beaumont,67624,2018-08-02 11:52:31.805549+00,
273,273,,,7365 Calle De Arganzuela,,Alicante,76778,2018-08-02 11:52:31.805549+00,
274,274,,,3241 Rua Dezenove De Outubro,,Barbacena,67058,2018-08-02 11:52:31.805549+00,
275,275,,,3486 Avenida Da Democracia,,Bragança,39418,2018-08-02 11:52:31.805549+00,
160,160,,,6924 H.C. Lumbyes Vej,,Ishoej,21140,2018-08-02 11:52:31.805549+00,
161,161,,,5388 Lone Wolf Trail,,Shepparton,2797,2018-08-02 11:52:31.805549+00,
162,162,,,1901 Avenue De La Libération,,Schöftland,7253,2018-08-02 11:52:31.805549+00,
163,163,,,7621 Vondellaan,,Raalte,28223,2018-08-02 11:52:31.805549+00,
164,164,,,4119 Rue De L'Abbé-Rousselot,,Bürchen,3392,2018-08-02 11:52:31.805549+00,
165,165,,,8004 Mannerheimintie,,Pertunmaa,96455,2018-08-02 11:52:31.805549+00,
166,166,,,765 Westplein,,Schiermonnikoog,21917,2018-08-02 11:52:31.805549+00,
167,167,,,9119 Slugten,,Saltum,48504,2018-08-02 11:52:31.805549+00,
168,168,,,Erlenweg 42,,Glinde,45725,2018-08-02 11:52:31.805549+00,
169,169,,,7650 Rua Bela Vista ,,Limeira,97640,2018-08-02 11:52:31.805549+00,
170,170,,,7608 Calle De Arganzuela,,Sevilla,78590,2018-08-02 11:52:31.805549+00,
171,171,,,5564 Hobrovej,,Ryslinge,96527,2018-08-02 11:52:31.805549+00,
172,172,,,871 George Street,,Bangor,RH7P 1NS,2018-08-02 11:52:31.805549+00,
173,173,,,1118 Avenida De Andalucía,,Málaga,69220,2018-08-02 11:52:31.805549+00,
174,174,,,2070 Ringkøbingvej,,Aalborg S.Ø.,41148,2018-08-02 11:52:31.805549+00,
175,175,,,4252 Margrethevej,,Ansager,38502,2018-08-02 11:52:31.805549+00,
176,176,,,Bachstraße 193,,Ostritz,53164,2018-08-02 11:52:31.805549+00,
177,177,,,4022 Country Club Rd,,Albany,5871,2018-08-02 11:52:31.805549+00,
178,178,,,3671 Oddesundvej,,Gjerlev,67279,2018-08-02 11:52:31.805549+00,
179,179,,,3477 Railroad St,,Salt Lake City,73117,2018-08-02 11:52:31.805549+00,
180,180,,,5938 Rue Du Château,,Le Chenit,6872,2018-08-02 11:52:31.805549+00,
181,181,,,923 Windsor Road,,Coventry,BV2 0GS,2018-08-02 11:52:31.805549+00,
182,182,,,8033 Kildevej,,Randers Nv,90513,2018-08-02 11:52:31.805549+00,
183,183,,,1764 Spring St,,Augusta,88104,2018-08-02 11:52:31.805549+00,
184,184,,,860 Hermiankatu,,Tammela,20880,2018-08-02 11:52:31.805549+00,
185,185,,,4832 Avenida De Salamanca,,Arrecife,25469,2018-08-02 11:52:31.805549+00,
186,186,,,6008 Sprogøvej,,Stokkemarke,92746,2018-08-02 11:52:31.805549+00,
187,187,,,3634 Sletten,,St.Merløse,14338,2018-08-02 11:52:31.805549+00,
188,188,,,5194 Rue Du Bon-Pasteur,,Corcelles-Près-Payerne,3432,2018-08-02 11:52:31.805549+00,
189,189,,,679 Avenida De Salamanca,,Alicante,97634,2018-08-02 11:52:31.805549+00,
190,190,,,5392 The Avenue,,Stirling,AQ0W 3ZU,2018-08-02 11:52:31.805549+00,
191,191,,,5494 W 6th St,,Bundaberg,2768,2018-08-02 11:52:31.805549+00,
192,192,,,8699 Avenue De L'Abbé-Roussel,,Vuiteboeuf,9965,2018-08-02 11:52:31.805549+00,
193,193,,,4096 Rolling Green Rd,,Dubbo,2184,2018-08-02 11:52:31.805549+00,
194,194,,,8167 Højbjergvej,,Ugerløse,89227,2018-08-02 11:52:31.805549+00,
195,195,,,8070 Place De L'Église,,Baar,9688,2018-08-02 11:52:31.805549+00,
196,196,,,7476 Esplanadi,,Naantali,41375,2018-08-02 11:52:31.805549+00,
197,197,,,7323 Solbærvej,,Agerbæk,92040,2018-08-02 11:52:31.805549+00,
198,198,,,1929 Sunset St,,Wollongong,7047,2018-08-02 11:52:31.805549+00,
199,199,,,1984 Wheeler Ridge Dr,,Cairns,5074,2018-08-02 11:52:31.805549+00,
200,200,,,3470 Calle De Pedro Bosch,,Castellón De La Plana,43375,2018-08-02 11:52:31.805549+00,
344,344,,,1712 York Road,,Wakefield,PJ54 1GA,2018-08-02 11:52:31.805549+00,
345,345,,,6108 College St,,Seagoville,86571,2018-08-02 11:52:31.805549+00,
346,346,,,9307 Esplanadi,,Raseborg,17951,2018-08-02 11:52:31.805549+00,
347,347,,,2711 Itsenäisyydenkatu,,Vehmaa,55568,2018-08-02 11:52:31.805549+00,
348,348,,,1113 South Street,,Cambridge,FN88 8TB,2018-08-02 11:52:31.805549+00,
349,349,,,5574 Green Lane,,Bangor,N6 9EN,2018-08-02 11:52:31.805549+00,
350,350,,,2212 Gammel Landevej,,Roskilde,24133,2018-08-02 11:52:31.805549+00,
351,351,,,9012 Manor Road,,Cambridge,F5 3AG,2018-08-02 11:52:31.805549+00,
352,352,,,4223 Bulevardi,,Paltamo,26487,2018-08-02 11:52:31.805549+00,
353,353,,,8282 Vondellaan,,Waterland,22757,2018-08-02 11:52:31.805549+00,
354,354,,,6441 Broadway,,Belfast,R51 7PE,2018-08-02 11:52:31.805549+00,
355,355,,,2221 Country Club Rd,,Fremont,99410,2018-08-02 11:52:31.805549+00,
356,356,,,7787 Rue Desaix,,Goldach,6267,2018-08-02 11:52:31.805549+00,
357,357,,,8898 Calle De Ferraz,,Pamplona,79318,2018-08-02 11:52:31.805549+00,
358,358,,,1125 Rue Principale,,Ried-Brig,6463,2018-08-02 11:52:31.805549+00,
359,359,,,2061 Ringkøbingvej,,Noerre Alslev,63319,2018-08-02 11:52:31.805549+00,
360,360,,,3193 Verkatehtaankatu,,Föglö,66075,2018-08-02 11:52:31.805549+00,
361,361,,,8050 Rua Santos Dumont ,,Vespasiano,57023,2018-08-02 11:52:31.805549+00,
362,362,,,Tulpenweg 119,,Beeskow,69665,2018-08-02 11:52:31.805549+00,
363,363,,,8124 Hatanpään Valtatie,,Vähäkyrö,15066,2018-08-02 11:52:31.805549+00,
364,364,,,8901 Solvænget,,København V,33599,2018-08-02 11:52:31.805549+00,
365,365,,,7979 Hermiankatu,,Pukkila,16016,2018-08-02 11:52:31.805549+00,
366,366,,,8567 Stevens Creek Blvd,,Amarillo,63430,2018-08-02 11:52:31.805549+00,
367,367,,,1687 Valley View Ln,,Houston,59784,2018-08-02 11:52:31.805549+00,
368,368,,,9397 Predikherenstraat,,Deurne,43389,2018-08-02 11:52:31.805549+00,
369,369,,,4222 Rue Barrème,,Madiswil,4264,2018-08-02 11:52:31.805549+00,
370,370,,,4713 W Campbell Ave,,Fountain Valley,39776,2018-08-02 11:52:31.805549+00,
371,371,,,2924 Rue De L'Abbé-Patureau,,Oberbuchsiten,6249,2018-08-02 11:52:31.805549+00,
372,372,,,8573 A.B.C.-Straat,,Ameland,97302,2018-08-02 11:52:31.805549+00,
373,373,,,5748 Amsterdamsestraatweg,,Ferwerderadiel,32537,2018-08-02 11:52:31.805549+00,
374,374,,,6924 Locust Rd,,Shelby,35909,2018-08-02 11:52:31.805549+00,
375,375,,,8536 Smokey Ln,,Grand Rapids,54450,2018-08-02 11:52:31.805549+00,
376,376,,,4635 Depaul Dr,,Murfreesboro,18121,2018-08-02 11:52:31.805549+00,
377,377,,,Marktplatz 172,,Langenau,23905,2018-08-02 11:52:31.805549+00,
378,378,,,1562 Rue De L'Abbé-Groult,,Trélex,1147,2018-08-02 11:52:31.805549+00,
379,379,,,1901 Main Street,,Manchester,A3 0ET,2018-08-02 11:52:31.805549+00,
380,380,,,8467 E Pecan St,,Geelong,6889,2018-08-02 11:52:31.805549+00,
381,381,,,9468 Jacobijnenstraat,,Renswoude,50092,2018-08-02 11:52:31.805549+00,
382,382,,,8093 Woodland St,,Warrnambool,977,2018-08-02 11:52:31.805549+00,
383,383,,,6580 High Street,,Newport,LP1 5RY,2018-08-02 11:52:31.805549+00,
384,384,,,3636 Calle Covadonga,,Sevilla,94833,2018-08-02 11:52:31.805549+00,
385,385,,,7795 Rue Du Bon-Pasteur,,Laufenburg,3435,2018-08-02 11:52:31.805549+00,
386,386,,,8843 Vibevænget,,Randers Nv,85801,2018-08-02 11:52:31.805549+00,
387,387,,,1478 Hogelandsepark,,Terneuzen,73858,2018-08-02 11:52:31.805549+00,
388,388,,,3751 Richmond Road,,Winchester,FA3L 7ZE,2018-08-02 11:52:31.805549+00,
389,389,,,8218 Rua Dom Pedro Ii ,,Nossa Senhora Do Socorro,89181,2018-08-02 11:52:31.805549+00,
390,390,,,3401 New Road,,St Davids,Z1 0HU,2018-08-02 11:52:31.805549+00,
391,391,,,1777 Rue De L'Église,,Mattstetten,2571,2018-08-02 11:52:31.805549+00,
392,392,,,4698 Mannerheimintie,,Kemijärvi,97721,2018-08-02 11:52:31.805549+00,
393,393,,,Römerstraße 154,,Lichtenstein/Sa.,54021,2018-08-02 11:52:31.805549+00,
394,394,,,4125 Otavalankatu,,Sipoo,71399,2018-08-02 11:52:31.805549+00,
395,395,,,5160 George Street,,Preston,Q1 4JW,2018-08-02 11:52:31.805549+00,
396,396,,,4050 Massegast,,Bellingwedde,56465,2018-08-02 11:52:31.805549+00,
397,397,,,7672 Wheeler Ridge Dr,,Orange,4482,2018-08-02 11:52:31.805549+00,
398,398,,,2274 Calle Del Prado,,Sevilla,94971,2018-08-02 11:52:31.805549+00,
399,399,,,4855 Rua Duque De Caxias ,,Uberaba,83929,2018-08-02 11:52:31.805549+00,
400,400,,,9117 Frances Ct,,Seymour,43730,2018-08-02 11:52:31.805549+00,
401,401,,,638 Church Lane,,Aberdeen,I01 6AU,2018-08-02 11:52:31.805549+00,
402,402,,,5224 Elgin St,,Hervey Bay,5297,2018-08-02 11:52:31.805549+00,
403,403,,,8291 High Street,,Lincoln,G74 9LG,2018-08-02 11:52:31.805549+00,
404,404,,,41 London Road,,Bath,Z7O 7FL,2018-08-02 11:52:31.805549+00,
405,405,,,7162 Miller Ave,,Broken Arrow,72729,2018-08-02 11:52:31.805549+00,
406,406,,,Kirchstraße 160,,Melsungen,14985,2018-08-02 11:52:31.805549+00,
407,407,,,7598 Rua Santa Catarina ,,Juiz De Fora,99114,2018-08-02 11:52:31.805549+00,
408,408,,,7560 Queens Road,,Birmingham,ZR51 7PP,2018-08-02 11:52:31.805549+00,
409,409,,,4187 N Stelling Rd,,Ann Arbor,47132,2018-08-02 11:52:31.805549+00,
410,410,,,5686 Elgin St,,Downey,66819,2018-08-02 11:52:31.805549+00,
411,411,,,17 Højtoften,,Snertinge,20833,2018-08-02 11:52:31.805549+00,
412,412,,,9200 Ranchview Dr,,Bellevue,23292,2018-08-02 11:52:31.805549+00,
413,413,,,2339 Ronda De Toledo,,Talavera De La Reina,16847,2018-08-02 11:52:31.805549+00,
414,414,,,815 Korkeavuorenkatu,,Ulvila,79036,2018-08-02 11:52:31.805549+00,
415,415,,,2380 Herluf Trolles Vej,,Bælum,94846,2018-08-02 11:52:31.805549+00,
416,416,,,Buchenweg 95,,Falkenstein/Harz,85599,2018-08-02 11:52:31.805549+00,
417,417,,,9894 Ronda De Toledo,,Orihuela,97976,2018-08-02 11:52:31.805549+00,
418,418,,,4792 Stanley Road,,Exeter,O9 7JW,2018-08-02 11:52:31.805549+00,
419,419,,,5795 Locust Rd,,Kansas City,37935,2018-08-02 11:52:31.805549+00,
420,420,,,223 George Street,,Brighton And Hove,L1Y 1LL,2018-08-02 11:52:31.805549+00,
421,421,,,9126 Wheeler Ridge Dr,,Long Beach,13112,2018-08-02 11:52:31.805549+00,
422,422,,,6245 Højdedraget,,Gjern,65998,2018-08-02 11:52:31.805549+00,
423,423,,,1938 Rua Primeiro De Maio ,,Araguari,96914,2018-08-02 11:52:31.805549+00,
424,424,,,2032 Rua Maranhão ,,São Paulo,47738,2018-08-02 11:52:31.805549+00,
425,425,,,9041 Potterstraat,,Epe,10938,2018-08-02 11:52:31.805549+00,
426,426,,,2514 Paseo De Zorrilla,,Oviedo,13607,2018-08-02 11:52:31.805549+00,
427,427,,,5695 Fairview St,,Jersey City,75829,2018-08-02 11:52:31.805549+00,
428,428,,,8030 Calle Del Prado,,Cuenca,21527,2018-08-02 11:52:31.805549+00,
429,429,,,4692 Rua Vinte E Um,,Botucatu,56990,2018-08-02 11:52:31.805549+00,
430,430,,,Danziger Straße 4,,Traunstein,86910,2018-08-02 11:52:31.805549+00,
431,431,,,5887 Saturnvej,,København N,49887,2018-08-02 11:52:31.805549+00,
432,432,,,9890 Birkevang,,Sønder Stenderup,99112,2018-08-02 11:52:31.805549+00,
433,433,,,2554 Ash Dr,,Yakima,66728,2018-08-02 11:52:31.805549+00,
434,434,,,9335 Boulevard De Balmont,,Brittnau,4457,2018-08-02 11:52:31.805549+00,
435,435,,,2390 Ronda De Toledo,,La Coruña,23003,2018-08-02 11:52:31.805549+00,
436,436,,,9321 Højmarksvej,,Lundby,20353,2018-08-02 11:52:31.805549+00,
437,437,,,383 Rue De Gerland,,Lauwil,5885,2018-08-02 11:52:31.805549+00,
438,438,,,532 Rua São João ,,São José De Ribamar,97438,2018-08-02 11:52:31.805549+00,
439,439,,,2765 Nordenskiöldinkatu,,Orimattila,81622,2018-08-02 11:52:31.805549+00,
440,440,,,6519 Verkatehtaankatu,,Pudasjärvi,70658,2018-08-02 11:52:31.805549+00,
441,441,,,2309 Calle De Atocha,,Cartagena,76841,2018-08-02 11:52:31.805549+00,
442,442,,,3601 Hermiankatu,,Lappeenranta,61809,2018-08-02 11:52:31.805549+00,
443,443,,,5645 Svanevej,,Nr Åby,91031,2018-08-02 11:52:31.805549+00,
444,444,,,Schillerstraße 12,,Heinsberg,28788,2018-08-02 11:52:31.805549+00,
445,445,,,8127 Calle De Ángel García,,Torrejón De Ardoz,48996,2018-08-02 11:52:31.805549+00,
446,446,,,Lindenweg 114,,Amöneburg,29136,2018-08-02 11:52:31.805549+00,
447,447,,,3720 Parcelvej,,København N,56977,2018-08-02 11:52:31.805549+00,
448,448,,,6457 Avenue Debourg,,Wangen Bei Olten,7882,2018-08-02 11:52:31.805549+00,
449,449,,,5781 Veeartsenijpad,,Oldebroek,25701,2018-08-02 11:52:31.805549+00,
450,450,,,4695 Groveland Terrace,,Belen,19486,2018-08-02 11:52:31.805549+00,
451,451,,,6875 Suvantokatu,,Valkeakoski,75004,2018-08-02 11:52:31.805549+00,
452,452,,,6294 Rua São Paulo ,,Foz Do Iguaçu,22129,2018-08-02 11:52:31.805549+00,
453,453,,,7714 Visiokatu,,Jämijärvi,68781,2018-08-02 11:52:31.805549+00,
454,454,,,4052 Place De L'Abbé-Basset,,Gorgier,9189,2018-08-02 11:52:31.805549+00,
455,455,,,Meisenweg 106,,Gladenbach,21647,2018-08-02 11:52:31.805549+00,
456,456,,,1548 Pispalan Valtatie,,Utsjoki,23675,2018-08-02 11:52:31.805549+00,
457,457,,,5489 Main Street,,York,S65 9JB,2018-08-02 11:52:31.805549+00,
458,458,,,1881 E Little York Rd,,Van Alstyne,50912,2018-08-02 11:52:31.805549+00,
459,459,,,905 Bavnehøjvej,,Aarhus N,64133,2018-08-02 11:52:31.805549+00,
460,460,,,5040 Rue Paul Bert,,Wädenswil,3139,2018-08-02 11:52:31.805549+00,
461,461,,,7546 Fairview Road,,St Davids,P6 8DP,2018-08-02 11:52:31.805549+00,
462,462,,,6908 Alexander Road,,Inverness,WD16 5XU,2018-08-02 11:52:31.805549+00,
463,463,,,5684 Adriaen Van Ostadelaan,,Kampen,54079,2018-08-02 11:52:31.805549+00,
464,464,,,8316 Chester Road,,Chester,DR09 7GY,2018-08-02 11:52:31.805549+00,
465,465,,,2156 Jyllandsgade,,Hirtsals,92645,2018-08-02 11:52:31.805549+00,
466,466,,,8463 Tehtaankatu,,Evijärvi,30135,2018-08-02 11:52:31.805549+00,
467,467,,,3349 Twijnstraat Aan De Werf,,Stitswerd,59439,2018-08-02 11:52:31.805549+00,
468,468,,,988 Monseigneur Van De Weteringstraat,,Oldebroek,91175,2018-08-02 11:52:31.805549+00,
469,469,,,6149 Myllypuronkatu,,Vesilahti,22946,2018-08-02 11:52:31.805549+00,
470,470,,,6053 Crockett St,,Austin,30871,2018-08-02 11:52:31.805549+00,
471,471,,,5351 Photinia Ave,,Mackay,7141,2018-08-02 11:52:31.805549+00,
472,472,,,Brunnenstraße 14,,Herbolzheim,39590,2018-08-02 11:52:31.805549+00,
473,473,,,975 W Pecan St,,Milwaukee,12296,2018-08-02 11:52:31.805549+00,
474,474,,,4512 Bruce St,,Elko,64033,2018-08-02 11:52:31.805549+00,
475,475,,,9953 Rue De La Fontaine,,Pieterlen,7850,2018-08-02 11:52:31.805549+00,
476,476,,,5159 Fairview St,,Vernon,50611,2018-08-02 11:52:31.805549+00,
477,477,,,1396 Calle Del Pez,,Pozuelo De Alarcón,11624,2018-08-02 11:52:31.805549+00,
478,478,,,5538 A.B.C.-Straat,,Tytsjerksteradiel,54670,2018-08-02 11:52:31.805549+00,
479,479,,,9599 Main Street,,Nottingham,B8I 0BH,2018-08-02 11:52:31.805549+00,
480,480,,,656 Harrison Ct,,Anchorage,81824,2018-08-02 11:52:31.805549+00,
481,481,,,9336 Donkere Gaard,,Tynaarlo,12888,2018-08-02 11:52:31.805549+00,
482,482,,,Kapellenweg 79,,Freyung-Grafenau,38520,2018-08-02 11:52:31.805549+00,
483,483,,,467 Locust Rd,,Greeley,47013,2018-08-02 11:52:31.805549+00,
484,484,,,Parkstraße 178,,Wetter (Ruhr),89023,2018-08-02 11:52:31.805549+00,
485,485,,,4758 Hjørringvej,,Oure,13177,2018-08-02 11:52:31.805549+00,
486,486,,,6580 Calle De Ángel García,,Cartagena,41309,2018-08-02 11:52:31.805549+00,
487,487,,,3758 Adelgade,,Overby Lyng,16926,2018-08-02 11:52:31.805549+00,
488,488,,,7756 Aleksanterinkatu,,Valkeakoski,71739,2018-08-02 11:52:31.805549+00,
489,489,,,7367 Rue Des Abbesses,,Amsoldingen,7112,2018-08-02 11:52:31.805549+00,
490,490,,,2959 Wheeler Ridge Dr,,Melbourne,3090,2018-08-02 11:52:31.805549+00,
491,491,,,6238 Depaul Dr,,Coffs Harbour,256,2018-08-02 11:52:31.805549+00,
492,492,,,8826 Prospect Rd,,Perth,5622,2018-08-02 11:52:31.805549+00,
493,493,,,7054 Rotuaari,,Kokkola,78842,2018-08-02 11:52:31.805549+00,
494,494,,,5640 Avenida Del Planetario,,Pontevedra,48806,2018-08-02 11:52:31.805549+00,
495,495,,,5602 Main Street,,Durham,ZN3X 9UF,2018-08-02 11:52:31.805549+00,
496,496,,,7663 Rue Principale,,Les Bois,9109,2018-08-02 11:52:31.805549+00,
497,497,,,7986 W Gray St,,Garland,42070,2018-08-02 11:52:31.805549+00,
498,498,,,8591 Stevens Creek Blvd,,Vallejo,91415,2018-08-02 11:52:31.805549+00,
499,499,,,7345 Avenue De La Libération,,Gravesano,8932,2018-08-02 11:52:31.805549+00,
500,500,,,6563 Oaks Cross,,Lisburn,W5B 1AJ,2018-08-02 11:52:31.805549+00,
501,501,,,1061 Ambachtstraat,,Wijdemeren,11755,2018-08-02 11:52:31.805549+00,
502,502,,,4777 Park Lane,,Stoke-On-Trent,E51 0PU,2018-08-02 11:52:31.805549+00,
503,503,,,Schlossstraße 150,,Neuenstein,69410,2018-08-02 11:52:31.805549+00,
504,504,,,7984 Stengårdsvej,,Sundby,61023,2018-08-02 11:52:31.805549+00,
505,505,,,3980 Hickory Creek Dr,,Bowral,4940,2018-08-02 11:52:31.805549+00,
506,506,,,1048 Siilitie,,Nurmijärvi,28227,2018-08-02 11:52:31.805549+00,
507,507,,,2945 North Street,,Leicester,S37 9PE,2018-08-02 11:52:31.805549+00,
508,508,,,4879 Kingsway,,Bristol,XH4 5XQ,2018-08-02 11:52:31.805549+00,
509,509,,,7632 Calle Nebrija,,Barcelona,32674,2018-08-02 11:52:31.805549+00,
510,510,,,6801 Avenue De L'Abbé-Roussel,,Serravalle,5884,2018-08-02 11:52:31.805549+00,
511,511,,,1621 Grande Rue,,Röschenz,6583,2018-08-02 11:52:31.805549+00,
512,512,,,8719 Plum St,,Arvada,65406,2018-08-02 11:52:31.805549+00,
513,513,,,5527 Calle De Toledo,,Fuenlabrada,54825,2018-08-02 11:52:31.805549+00,
514,514,,,4362 Ranchview Dr,,Bundaberg,4611,2018-08-02 11:52:31.805549+00,
515,515,,,Burgstraße 35,,Geilenkirchen,74064,2018-08-02 11:52:31.805549+00,
516,516,,,5404 Alexander Numankade,,Nuth,17733,2018-08-02 11:52:31.805549+00,
517,517,,,7998 Springfield Road,,Belfast,C7 8LA,2018-08-02 11:52:31.805549+00,
518,518,,,8653 Place Du 22 Novembre 1943,,Zürich,6273,2018-08-02 11:52:31.805549+00,
519,519,,,6605 Rue Du Bât-D'Argent,,Lalden,7074,2018-08-02 11:52:31.805549+00,
520,520,,,4095 Baden-Powellweg,,Wijdemeren,93892,2018-08-02 11:52:31.805549+00,
521,521,,,4877 Hämeenkatu,,Myrskylä,42950,2018-08-02 11:52:31.805549+00,
522,522,,,1695 Avenida De Castilla,,Ferrol,72066,2018-08-02 11:52:31.805549+00,
523,523,,,1999 Calle De Alberto Aguilera,,Torrejón De Ardoz,79202,2018-08-02 11:52:31.805549+00,
524,524,,,204 Avenida Da Legalidade,,Guarapuava,29410,2018-08-02 11:52:31.805549+00,
525,525,,,6197 Calle De Tetuán,,Lugo,35845,2018-08-02 11:52:31.805549+00,
526,526,,,4393 Ballevej,,Assens,10412,2018-08-02 11:52:31.805549+00,
527,527,,,6883 Nieuwegracht,,Den Haag,31471,2018-08-02 11:52:31.805549+00,
528,528,,,4697 F.C. Dondersstraat,,Beuningen,88261,2018-08-02 11:52:31.805549+00,
529,529,,,Im Winkel 67,,Altenberg,60904,2018-08-02 11:52:31.805549+00,
530,530,,,Brunnenstraße 130,,Eggesin,93708,2018-08-02 11:52:31.805549+00,
531,531,,,8989 Rua Dom Pedro Ii ,,Pindamonhangaba,80049,2018-08-02 11:52:31.805549+00,
532,532,,,2042 Rua Vinte De Setembro,,Araguaína,96422,2018-08-02 11:52:31.805549+00,
533,533,,,9371 Rue Pasteur,,Dalpe,3555,2018-08-02 11:52:31.805549+00,
534,534,,,4892 The Grove,,Gloucester,M72 9ZB,2018-08-02 11:52:31.805549+00,
535,535,,,5502 Fredrikinkatu,,Somero,27518,2018-08-02 11:52:31.805549+00,
536,536,,,1786 E North St,,Rockhampton,8026,2018-08-02 11:52:31.805549+00,
537,537,,,9442 Ash Dr,,Toowoomba,5400,2018-08-02 11:52:31.805549+00,
538,538,,,8172 Verkatehtaankatu,,Nummi,45103,2018-08-02 11:52:31.805549+00,
539,539,,,Amselweg 143,,Bad Saulgau,85009,2018-08-02 11:52:31.805549+00,
540,540,,,4 Avenue Jean-Jaurès,,Bürglen (Ur),1598,2018-08-02 11:52:31.805549+00,
541,541,,,5926 Sandbjergvej,,Skaerbaek,54396,2018-08-02 11:52:31.805549+00,
542,542,,,5555 Nordenskiöldinkatu,,Hanko,86210,2018-08-02 11:52:31.805549+00,
543,543,,,9275 Rolling Green Rd,,Wollongong,2467,2018-08-02 11:52:31.805549+00,
544,544,,,225 Rue Gasparin,,Le Cerneux-Péquignot,4542,2018-08-02 11:52:31.805549+00,
545,545,,,9316 Teglgårdsvej,,Øster Assels,61734,2018-08-02 11:52:31.805549+00,
546,546,,,5913 Fredrikinkatu,,Ylitornio,20024,2018-08-02 11:52:31.805549+00,
547,547,,,4808 Lucasbolwerk,,Westerveld,81810,2018-08-02 11:52:31.805549+00,
548,548,,,3995 Poortstraat,,Tholen,83872,2018-08-02 11:52:31.805549+00,
549,549,,,6248 Karen Dr,,Fayetteville,66059,2018-08-02 11:52:31.805549+00,
550,550,,,4570 Avenue Jean-Jaurès,,Valsot,8586,2018-08-02 11:52:31.805549+00,
551,551,,,5287 Rua Vinte E Um,,Porto Seguro,95824,2018-08-02 11:52:31.805549+00,
552,552,,,3559 Stanley Road,,Cambridge,Y9 8YP,2018-08-02 11:52:31.805549+00,
553,553,,,5422 Rua Três,,Salto,23205,2018-08-02 11:52:31.805549+00,
554,554,,,1066 Croesestraat,,Noordenveld,32953,2018-08-02 11:52:31.805549+00,
555,555,,,3981 Biltstraat,,Nunspeet,23216,2018-08-02 11:52:31.805549+00,
556,556,,,9598 Rua Castro Alves ,,Catanduva,89101,2018-08-02 11:52:31.805549+00,
557,557,,,3065 Rue Des Écoles,,Pont-La-Ville,8260,2018-08-02 11:52:31.805549+00,
558,558,,,4154 Rue Victor-Hugo,,Obersteckholz,3878,2018-08-02 11:52:31.805549+00,
559,559,,,6371 Rotuaari,,Jyväskylä,88953,2018-08-02 11:52:31.805549+00,
560,560,,,7387 Kongevej,,Hornbæk,47851,2018-08-02 11:52:31.805549+00,
561,561,,,9482 Blossom Hill Rd,,Hervey Bay,7619,2018-08-02 11:52:31.805549+00,
562,562,,,9514 London Road,,Birmingham,O8S 6LQ,2018-08-02 11:52:31.805549+00,
563,563,,,9414 Oak Ridge Ln,,Gladstone,416,2018-08-02 11:52:31.805549+00,
564,564,,,1068 Grande Rue,,Erschwil,8592,2018-08-02 11:52:31.805549+00,
565,565,,,5668 Rautatienkatu,,Hattula,45897,2018-08-02 11:52:31.805549+00,
566,566,,,8657 Kildegårdsvej,,Ansager,33732,2018-08-02 11:52:31.805549+00,
567,567,,,6081 W 6th St,,San Mateo,97851,2018-08-02 11:52:31.805549+00,
568,568,,,4017 Plompetorenbrug,,Soest,71216,2018-08-02 11:52:31.805549+00,
569,569,,,5134 Rue Desaix,,Feuerthalen,3503,2018-08-02 11:52:31.805549+00,
570,570,,,5318 Spring Hill Rd,,Ballarat,5383,2018-08-02 11:52:31.805549+00,
571,571,,,2732 Rua Duque De Caxias ,,Itajaí,49918,2018-08-02 11:52:31.805549+00,
572,572,,,3762 Rua Boa Vista ,,Atibaia,89899,2018-08-02 11:52:31.805549+00,
573,573,,,215 Saddle Dr,,Melbourne,8159,2018-08-02 11:52:31.805549+00,
574,574,,,4680 Blossom Hill Rd,,Geelong,7166,2018-08-02 11:52:31.805549+00,
575,575,,,9724 North Street,,Stoke-On-Trent,VU6F 4GE,2018-08-02 11:52:31.805549+00,
576,576,,,2485 Avenida De Andalucía,,Lugo,43204,2018-08-02 11:52:31.805549+00,
577,577,,,1760 Hämeentie,,Vimpeli,75660,2018-08-02 11:52:31.805549+00,
578,578,,,685 Rylevej,,Oure,97701,2018-08-02 11:52:31.805549+00,
579,579,,,5316 Van Asch Van Wijckskade,,Aalburg,15778,2018-08-02 11:52:31.805549+00,
580,580,,,9451 Stevens Creek Blvd,,Bunbury,8780,2018-08-02 11:52:31.805549+00,
581,581,,,7579 Westplein,,Montferland,83338,2018-08-02 11:52:31.805549+00,
582,582,,,3037 Calle De Alcalá,,La Coruña,38015,2018-08-02 11:52:31.805549+00,
583,583,,,8831 Visiokatu,,Pello,75601,2018-08-02 11:52:31.805549+00,
584,584,,,7101 Smokey Ln,,Geelong,4301,2018-08-02 11:52:31.805549+00,
585,585,,,3997 Itsenäisyydenkatu,,Karkkila,28560,2018-08-02 11:52:31.805549+00,
586,586,,,2807 Rue De L'Abbé-De-L'Épée,,Vinelz,7596,2018-08-02 11:52:31.805549+00,
587,587,,,4200 Baden-Powellweg,,Bronckhorst,19385,2018-08-02 11:52:31.805549+00,
588,588,,,5711 Rua São Sebastiao ,,Indaiatuba,98345,2018-08-02 11:52:31.805549+00,
589,589,,,Mühlweg 194,,Halver,39346,2018-08-02 11:52:31.805549+00,
590,590,,,1660 Rue Dugas-Montbel,,Dättlikon,3996,2018-08-02 11:52:31.805549+00,
591,591,,,2177 First Street,,Lansing,53039,2018-08-02 11:52:31.805549+00,
592,592,,,6788 Rua Santa Rita ,,Itapecerica Da Serra,71163,2018-08-02 11:52:31.805549+00,
593,593,,,4028 Springfield Road,,Bristol,N23 9YJ,2018-08-02 11:52:31.805549+00,
594,594,,,1818 Rue Jean-Baldassini,,Unteriberg,6199,2018-08-02 11:52:31.805549+00,
595,595,,,3191 Rua Um,,Três Lagoas,53215,2018-08-02 11:52:31.805549+00,
596,596,,,2791 Railroad St,,Spokane,96207,2018-08-02 11:52:31.805549+00,
597,597,,,7096 Pirkankatu,,Oulainen,54918,2018-08-02 11:52:31.805549+00,
598,598,,,6146 Pyynikintie,,Honkajoki,76893,2018-08-02 11:52:31.805549+00,
599,599,,,Buchenweg 94,,Marsberg,28674,2018-08-02 11:52:31.805549+00,
600,600,,,350 Vægterparken,,Beder,65395,2018-08-02 11:52:31.805549+00,
601,601,,,3698 E Pecan St,,Lansing,29565,2018-08-02 11:52:31.805549+00,
602,602,,,8513 West Street,,Salford,K79 3AG,2018-08-02 11:52:31.805549+00,
603,603,,,8165 Hickory Creek Dr,,Bunbury,7422,2018-08-02 11:52:31.805549+00,
604,604,,,977 Rua Vinte E Um,,Vitória De Santo Antão,75428,2018-08-02 11:52:31.805549+00,
638,638,,,6171 New Road,,Bath,A81 1WW,2018-08-02 11:52:31.805549+00,
605,605,,,9467 Donkerstraat,,Zoeterwoude,14200,2018-08-02 11:52:31.805549+00,
606,606,,,2515 Verkatehtaankatu,,Ähtäri,76880,2018-08-02 11:52:31.805549+00,
607,607,,,Bachstraße 110,,Bad Wurzach,54776,2018-08-02 11:52:31.805549+00,
608,608,,,1538 Tahmelantie,,Rautjärvi,42141,2018-08-02 11:52:31.805549+00,
609,609,,,9435 Hickory Creek Dr,,Shepparton,6212,2018-08-02 11:52:31.805549+00,
610,610,,,1226 Avenida De La Albufera,,San Sebastián De Los Reyes,26163,2018-08-02 11:52:31.805549+00,
611,611,,,3571 Strandengen,,Viby J.,31769,2018-08-02 11:52:31.805549+00,
612,612,,,Kirchplatz 108,,Freilassing,18151,2018-08-02 11:52:31.805549+00,
613,613,,,5889 W Pecan St,,Long Beach,71446,2018-08-02 11:52:31.805549+00,
614,614,,,916 Crockett St,,Gladstone,4588,2018-08-02 11:52:31.805549+00,
615,615,,,Marktplatz 67,,Bielefeld,33421,2018-08-02 11:52:31.805549+00,
616,616,,,191 Paseo De Extremadura,,Burgos,76072,2018-08-02 11:52:31.805549+00,
617,617,,,5854 Rue De L'Abbé-De-L'Épée,,Fiez,2278,2018-08-02 11:52:31.805549+00,
618,618,,,1416 Avenida Vinícius De Morais,,Crato,52978,2018-08-02 11:52:31.805549+00,
619,619,,,9114 Fredrikinkatu,,Sipoo,23263,2018-08-02 11:52:31.805549+00,
620,620,,,6476 Calle De Pedro Bosch,,Albacete,78634,2018-08-02 11:52:31.805549+00,
621,621,,,9796 Rua São Jorge ,,Niterói,13145,2018-08-02 11:52:31.805549+00,
622,622,,,Friedhofstraße 21,,Böblingen,84913,2018-08-02 11:52:31.805549+00,
623,623,,,7698 Nordenskiöldinkatu,,Yli,38881,2018-08-02 11:52:31.805549+00,
624,624,,,6921 Engsvinget,,Sundby/Erslev,56116,2018-08-02 11:52:31.805549+00,
625,625,,,53 Pyynikintie,,Toivakka,48009,2018-08-02 11:52:31.805549+00,
626,626,,,Hauptstraße 133,,Meßstetten,30894,2018-08-02 11:52:31.805549+00,
627,627,,,555 Itsenäisyydenkatu,,Lapinjärvi,30363,2018-08-02 11:52:31.805549+00,
628,628,,,4022 Avenida Del Planetario,,Ferrol,13715,2018-08-02 11:52:31.805549+00,
629,629,,,2982 Rue Barrier,,Aristau,3297,2018-08-02 11:52:31.805549+00,
630,630,,,8410 E Little York Rd,,South Bend,78968,2018-08-02 11:52:31.805549+00,
631,631,,,Waldweg 107,,Oettingen In Bayern,57236,2018-08-02 11:52:31.805549+00,
632,632,,,7312 Grange Road,,City Of London,XC9H 1ER,2018-08-02 11:52:31.805549+00,
633,633,,,3501 Smokey Ln,,Geraldton,3395,2018-08-02 11:52:31.805549+00,
634,634,,,2929 Calle De Segovia,,Córdoba,25737,2018-08-02 11:52:31.805549+00,
635,635,,,5681 Drosselvej,,Saltum,22421,2018-08-02 11:52:31.805549+00,
636,636,,,4719 Rue Pasteur,,Lostorf,5030,2018-08-02 11:52:31.805549+00,
637,637,,,5668 Valley View Ln,,Sunshine Coast,7118,2018-08-02 11:52:31.805549+00,
639,639,,,3604 Brorsonsvej,,Gjern,13528,2018-08-02 11:52:31.805549+00,
640,640,,,3229 Teglværksvej,,Sommersted,39395,2018-08-02 11:52:31.805549+00,
641,641,,,2134 Victoria Street,,Gloucester,M76 3EB,2018-08-02 11:52:31.805549+00,
642,642,,,Kirchweg 151,,Abensberg,23516,2018-08-02 11:52:31.805549+00,
643,643,,,5714 Sofievej,,Aarhus N,20570,2018-08-02 11:52:31.805549+00,
644,644,,,789 Avenue Debrousse,,Birrwil,5102,2018-08-02 11:52:31.805549+00,
645,645,,,7753 Thornridge Cir,,Tamworth,471,2018-08-02 11:52:31.805549+00,
646,646,,,Lindenweg 61,,Laatzen,53319,2018-08-02 11:52:31.805549+00,
647,647,,,6607 Calle De Ferraz,,Santa Cruz De Tenerife,43524,2018-08-02 11:52:31.805549+00,
648,648,,,7977 Victoria Road,,Hereford,DG9R 4FB,2018-08-02 11:52:31.805549+00,
649,649,,,300 London Road,,Belfast,IS5 1SZ,2018-08-02 11:52:31.805549+00,
650,650,,,2879 Rua Treze ,,Canoas,91198,2018-08-02 11:52:31.805549+00,
651,651,,,7305 York Road,,Leicester,R5 2HS,2018-08-02 11:52:31.805549+00,
652,652,,,9854 Calle De Segovia,,Gijón,48115,2018-08-02 11:52:31.805549+00,
653,653,,,9717 Wycliff Ave,,Lousville,75281,2018-08-02 11:52:31.805549+00,
654,654,,,4394 Geertekerkhof,,Valkenswaard,64842,2018-08-02 11:52:31.805549+00,
655,655,,,8287 Calle Nebrija,,Talavera De La Reina,85904,2018-08-02 11:52:31.805549+00,
656,656,,,Lindenstraße 131,,Leimen,25572,2018-08-02 11:52:31.805549+00,
657,657,,,4163 South Street,,Birmingham,T15 1BA,2018-08-02 11:52:31.805549+00,
658,658,,,Mühlweg 117,,Egeln,81536,2018-08-02 11:52:31.805549+00,
659,659,,,9115 Pispalan Valtatie,,Jämsä,92239,2018-08-02 11:52:31.805549+00,
660,660,,,6028 Rua Amazonas ,,Campina Grande,39511,2018-08-02 11:52:31.805549+00,
661,661,,,6701 Solskrænten,,Billum,21264,2018-08-02 11:52:31.805549+00,
662,662,,,1431 Daisy Dr,,Pearland,97699,2018-08-02 11:52:31.805549+00,
663,663,,,1363 W Gray St,,Albany,8304,2018-08-02 11:52:31.805549+00,
664,664,,,4128 W Dallas St,,Green Bay,29279,2018-08-02 11:52:31.805549+00,
665,665,,,792 Avenida Brasil ,,Ponta Grossa,85799,2018-08-02 11:52:31.805549+00,
666,666,,,1143 White Oak Dr,,West Covina,28899,2018-08-02 11:52:31.805549+00,
667,667,,,9832 Royal Ln,,Traralgon,2750,2018-08-02 11:52:31.805549+00,
668,668,,,2557 Avenue Debourg,,Buchillon,9854,2018-08-02 11:52:31.805549+00,
669,669,,,965 Rua Boa Vista ,,São Paulo,24949,2018-08-02 11:52:31.805549+00,
670,670,,,8664 Vestermarken,,Brondby,68542,2018-08-02 11:52:31.805549+00,
671,671,,,6838 Rue Louis-Blanqui,,Ennetbürgen,5462,2018-08-02 11:52:31.805549+00,
672,672,,,7917 The Crescent,,Lisburn,YK9 9NE,2018-08-02 11:52:31.805549+00,
673,673,,,320 Oak Lawn Ave,,Shiloh,63827,2018-08-02 11:52:31.805549+00,
674,674,,,Lerchenweg 146,,Gerabronn,42386,2018-08-02 11:52:31.805549+00,
675,675,,,5825 Valley View Ln,,Wollongong,5685,2018-08-02 11:52:31.805549+00,
676,676,,,4125 Mcgowen St,,Oceanside,12649,2018-08-02 11:52:31.805549+00,
677,677,,,5898 Wycliff Ave,,Coffs Harbour,2784,2018-08-02 11:52:31.805549+00,
678,678,,,1342 Valley View Ln,,San Diego,96034,2018-08-02 11:52:31.805549+00,
679,679,,,2339 Rua Santa Maria ,,Aracaju,22039,2018-08-02 11:52:31.805549+00,
680,680,,,4119 Otavalankatu,,Parkano,36775,2018-08-02 11:52:31.805549+00,
681,681,,,1796 West Street,,Lichfield,B9R 2SX,2018-08-02 11:52:31.805549+00,
682,682,,,Marktplatz 182,,Besigheim,66413,2018-08-02 11:52:31.805549+00,
683,683,,,4254 Manchester Road,,Newcastle Upon Tyne,LF7 4ZQ,2018-08-02 11:52:31.805549+00,
684,684,,,4689 Albert Road,,Swansea,VF15 4FE,2018-08-02 11:52:31.805549+00,
685,685,,,4591 Rue Jean-Baldassini,,Rüttenen,5117,2018-08-02 11:52:31.805549+00,
686,686,,,9101 Smokey Ln,,Vancouver,75940,2018-08-02 11:52:31.805549+00,
687,687,,,8723 Rua Treze De Maio ,,Uberaba,56304,2018-08-02 11:52:31.805549+00,
688,688,,,5928 Billitonkade,,Haaksbergen,16958,2018-08-02 11:52:31.805549+00,
689,689,,,5367 Wijde Begijnestraat,,Tholen,18558,2018-08-02 11:52:31.805549+00,
690,690,,,648 Boulevard De La Duchère,,Sommeri,8995,2018-08-02 11:52:31.805549+00,
691,691,,,526 Calle De Ferraz,,Sevilla,73034,2018-08-02 11:52:31.805549+00,
692,692,,,Danziger Straße 100,,Mayen-Koblenz,54766,2018-08-02 11:52:31.805549+00,
693,693,,,9961 Verkatehtaankatu,,Tornio,10231,2018-08-02 11:52:31.805549+00,
694,694,,,Parkstraße 24,,Pfungstadt,82642,2018-08-02 11:52:31.805549+00,
695,695,,,478 Rua Doze ,,Várzea Paulista,17438,2018-08-02 11:52:31.805549+00,
696,696,,,9410 Bridge Road,,Inverness,EQ0R 8GH,2018-08-02 11:52:31.805549+00,
697,697,,,6708 Rørsangervej,,Allinge,89208,2018-08-02 11:52:31.805549+00,
698,698,,,8581 St. John’S Road,,Stevenage,O5G 3EN,2018-08-02 11:52:31.805549+00,
699,699,,,8655 Rua São Jorge ,,Cametá,26771,2018-08-02 11:52:31.805549+00,
700,700,,,9716 Thornridge Cir,,Forney,48860,2018-08-02 11:52:31.805549+00,
701,701,,,9686 Fredrikinkatu,,Sund,64721,2018-08-02 11:52:31.805549+00,
702,702,,,9762 Silkeborgvej,,Allinge,66473,2018-08-02 11:52:31.805549+00,
703,703,,,4195 Bruce St,,Dubbo,2437,2018-08-02 11:52:31.805549+00,
704,704,,,7381 Rue Duguesclin,,Horw,2533,2018-08-02 11:52:31.805549+00,
705,705,,,7744 Reijolankatu,,Salla,89266,2018-08-02 11:52:31.805549+00,
706,706,,,Waldstraße 189,,Gerlingen,90932,2018-08-02 11:52:31.805549+00,
707,707,,,38 Neude,,Kollumerland En Nieuwkruisland,42082,2018-08-02 11:52:31.805549+00,
708,708,,,5875 Avenida Del Planetario,,Valladolid,22580,2018-08-02 11:52:31.805549+00,
709,709,,,9683 Quai Chauveau,,Luthern,8243,2018-08-02 11:52:31.805549+00,
710,710,,,1435 Calle Covadonga,,Bilbao,37053,2018-08-02 11:52:31.805549+00,
711,711,,,5347 Esplanadi,,Rovaniemi,66291,2018-08-02 11:52:31.805549+00,
712,712,,,588 Rua Espirito Santo ,,Caraguatatuba,14172,2018-08-02 11:52:31.805549+00,
713,713,,,5003 Rue De Bonnel,,Mesocco,5383,2018-08-02 11:52:31.805549+00,
714,714,,,7874 Hillcrest Rd,,Sunshine Coast,9335,2018-08-02 11:52:31.805549+00,
715,715,,,7210 Reijolankatu,,Kokkola,89590,2018-08-02 11:52:31.805549+00,
716,716,,,Amselweg 70,,Sprockhövel,23653,2018-08-02 11:52:31.805549+00,
717,717,,,3510 Rue Paul Bert,,Laufen,9092,2018-08-02 11:52:31.805549+00,
718,718,,,5866 Eason Rd,,Melbourne,9072,2018-08-02 11:52:31.805549+00,
719,719,,,3734 Haveforeningen Kildegården,,Roedovre,95173,2018-08-02 11:52:31.805549+00,
720,720,,,1823 Calle Del Arenal,,Vigo,21095,2018-08-02 11:52:31.805549+00,
721,721,,,8288 Avenida De Andalucía,,Alcobendas,59406,2018-08-02 11:52:31.805549+00,
722,722,,,4241 Homestead Rd,,Sydney,8270,2018-08-02 11:52:31.805549+00,
723,723,,,Mühlenstraße 16,,Wallenfels,77018,2018-08-02 11:52:31.805549+00,
724,724,,,9618 Rua Quatro,,Araruama,86269,2018-08-02 11:52:31.805549+00,
725,725,,,957 Rua Três,,Jacareí,51828,2018-08-02 11:52:31.805549+00,
726,726,,,7496 Mechelininkatu,,Kitee,75144,2018-08-02 11:52:31.805549+00,
727,727,,,1955 Ash Dr,,Bowral,2113,2018-08-02 11:52:31.805549+00,
728,728,,,5110 Gasthuisstraat,,Groesbeek,24314,2018-08-02 11:52:31.805549+00,
729,729,,,5041 Janskerkhof,,Ede,39345,2018-08-02 11:52:31.805549+00,
730,730,,,2567 Avenue Paul Eluard,,Ligerz,3158,2018-08-02 11:52:31.805549+00,
731,731,,,5757 Itsenäisyydenkatu,,Toholampi,94811,2018-08-02 11:52:31.805549+00,
732,732,,,3637 Fairview Road,,Newcastle Upon Tyne,W0P 3AX,2018-08-02 11:52:31.805549+00,
733,733,,,8602 Preston Rd,,Ballarat,3722,2018-08-02 11:52:31.805549+00,
734,734,,,7198 Park Road,,Hereford,QH7 8QN,2018-08-02 11:52:31.805549+00,
735,735,,,9574 Preston Rd,,Dubbo,8097,2018-08-02 11:52:31.805549+00,
736,736,,,6692 Grove Road,,Oxford,L8 8DF,2018-08-02 11:52:31.805549+00,
737,737,,,5317 Rue Victor-Hugo,,Grindel,2728,2018-08-02 11:52:31.805549+00,
738,738,,,2910 Shady Ln Dr,,Sacramento,98652,2018-08-02 11:52:31.805549+00,
739,739,,,9414 Tahmelantie,,Juupajoki,91396,2018-08-02 11:52:31.805549+00,
740,740,,,9364 Moreelsepark,,Utrecht,36869,2018-08-02 11:52:31.805549+00,
741,741,,,9229 Place De L'Abbé-Basset,,Nufenen,9642,2018-08-02 11:52:31.805549+00,
742,742,,,Jahnstraße 189,,Annaberg-Buchholz,48527,2018-08-02 11:52:31.805549+00,
743,743,,,7531 Agertoften,,Esbjerg V,11942,2018-08-02 11:52:31.805549+00,
744,744,,,5389 Rua Duque De Caxias ,,Rondonópolis,50374,2018-08-02 11:52:31.805549+00,
745,745,,,2540 Alexander Numankade,,Rijnwaarden,31246,2018-08-02 11:52:31.805549+00,
746,746,,,6696 Rue Bossuet,,Bätterkinden,7752,2018-08-02 11:52:31.805549+00,
747,747,,,3108 Place De L'Abbé-Georges-Hénocque,,Steinach,4127,2018-08-02 11:52:31.805549+00,
748,748,,,575 Elgin St,,Bathurst,3186,2018-08-02 11:52:31.805549+00,
749,749,,,3337 Færøvej,,Argerskov,24294,2018-08-02 11:52:31.805549+00,
750,750,,,3842 Aleksanterinkatu,,Närpes,11389,2018-08-02 11:52:31.805549+00,
751,751,,,3666 Lakeview St,,Newark,97164,2018-08-02 11:52:31.805549+00,
752,752,,,4637 Rua Carlos Gomes,,Cabo De Santo Agostinho,77628,2018-08-02 11:52:31.805549+00,
753,753,,,2279 Avenue Vauban,,Läufelfingen,7638,2018-08-02 11:52:31.805549+00,
754,754,,,2971 Stærevej,,Nykøbing F,37715,2018-08-02 11:52:31.805549+00,
755,755,,,7441 Dogwood Ave,,Nowra,1546,2018-08-02 11:52:31.805549+00,
756,756,,,9054 Rua Quinze De Novembro ,,Valparaíso De Goiás,68446,2018-08-02 11:52:31.805549+00,
757,757,,,3813 Homestead Rd,,Maitland,8494,2018-08-02 11:52:31.805549+00,
758,758,,,120 Calle De Bravo Murillo,,Vitoria,74099,2018-08-02 11:52:31.805549+00,
759,759,,,Burgstraße 82,,Coesfeld,96944,2018-08-02 11:52:31.805549+00,
760,760,,,3047 Albert Road,,Preston,K74 2JF,2018-08-02 11:52:31.805549+00,
761,761,,,3592 Avenue Vauban,,Gelterfingen,4244,2018-08-02 11:52:31.805549+00,
762,762,,,987 Timber Wolf Trail,,Toowoomba,351,2018-08-02 11:52:31.805549+00,
763,763,,,4951 Mcclellan Rd,,Reno,98826,2018-08-02 11:52:31.805549+00,
764,764,,,7785 Railroad St,,Desoto,45134,2018-08-02 11:52:31.805549+00,
765,765,,,Fasanenweg 64,,Neu-Isenburg,18322,2018-08-02 11:52:31.805549+00,
766,766,,,8259 E Sandy Lake Rd,,Jacksonville,15246,2018-08-02 11:52:31.805549+00,
767,767,,,8935 Calle Del Pez,,Albacete,43791,2018-08-02 11:52:31.805549+00,
768,768,,,341 Rectory Lane,,Chester,S4S 2ET,2018-08-02 11:52:31.805549+00,
769,769,,,1921 Rue Paul-Duvivier,,Finsterhennen,6549,2018-08-02 11:52:31.805549+00,
770,770,,,6503 Rue De L'Abbé-Roger-Derry,,Gurtnellen,8666,2018-08-02 11:52:31.805549+00,
771,771,,,2291 F.C. Dondersstraat,,Zoeterwoude,28830,2018-08-02 11:52:31.805549+00,
772,772,,,7364 Suvantokatu,,Isojoki,33126,2018-08-02 11:52:31.805549+00,
773,773,,,7615 Miller Ave,,Arlington,55810,2018-08-02 11:52:31.805549+00,
774,774,,,3057 Calle De La Democracia,,Vitoria,36797,2018-08-02 11:52:31.805549+00,
775,775,,,3815 Taylor St,,Bathurst,2853,2018-08-02 11:52:31.805549+00,
776,776,,,605 Veeartsenij-Pad,,Bunnik,52358,2018-08-02 11:52:31.805549+00,
777,777,,,1474 Verkatehtaankatu,,Kempele,97425,2018-08-02 11:52:31.805549+00,
778,778,,,3425 Beco Dos Namorados,,Corumbá,86097,2018-08-02 11:52:31.805549+00,
779,779,,,Ringstraße 8,,Rheinfelden (Baden),71808,2018-08-02 11:52:31.805549+00,
780,780,,,9046 Hjulets Kvarter,,Stenderup,99138,2018-08-02 11:52:31.805549+00,
781,781,,,5801 Egehegnet,,Randers Nv,67855,2018-08-02 11:52:31.805549+00,
782,782,,,9435 Pyynikintie,,Malax,84220,2018-08-02 11:52:31.805549+00,
783,783,,,Wiesenweg 194,,Laage,64597,2018-08-02 11:52:31.805549+00,
784,784,,,2849 Rue Dumenge,,Niederhasli,8923,2018-08-02 11:52:31.805549+00,
785,785,,,8585 Brick Kiln Road,,St Davids,EI2K 7PL,2018-08-02 11:52:31.805549+00,
786,786,,,9064 Park Lane,,Leeds,ZZ0 8ST,2018-08-02 11:52:31.805549+00,
787,787,,,7211 Wijde Begijnestraat,,Delft,87677,2018-08-02 11:52:31.805549+00,
788,788,,,Parkstraße 147,,Kiel,79128,2018-08-02 11:52:31.805549+00,
789,789,,,9010 Calle De Bravo Murillo,,Córdoba,13170,2018-08-02 11:52:31.805549+00,
790,790,,,Lindenweg 33,,Biedenkopf,55207,2018-08-02 11:52:31.805549+00,
791,791,,,4022 Nobeldwarsstraat,,Wormerland,41299,2018-08-02 11:52:31.805549+00,
792,792,,,8794 Rosenhaven,,Klitmøller,94611,2018-08-02 11:52:31.805549+00,
793,793,,,4751 Oaks Cross,,Wolverhampton,FB3 0HH,2018-08-02 11:52:31.805549+00,
794,794,,,Dorfstraße 135,,Germersheim,53563,2018-08-02 11:52:31.805549+00,
795,795,,,5826 James St,,Darwin,3215,2018-08-02 11:52:31.805549+00,
796,796,,,6601 Stadionlaan,,Dinkelland,99222,2018-08-02 11:52:31.805549+00,
797,797,,,Gartenstraße 15,,Hamm,58035,2018-08-02 11:52:31.805549+00,
798,798,,,2284 Robinson Rd,,Cape Fear,62683,2018-08-02 11:52:31.805549+00,
799,799,,,6486 Rue De La Barre,,Oberegg,3839,2018-08-02 11:52:31.805549+00,
800,800,,,9173 New Road,,Chichester,Y4 3GA,2018-08-02 11:52:31.805549+00,
801,801,,,4370 Pirkankatu,,Kustavi,63908,2018-08-02 11:52:31.805549+00,
802,802,,,2820 Avenue Debourg,,Matzingen,6638,2018-08-02 11:52:31.805549+00,
803,803,,,4113 Grange Road,,Preston,R2C 2YA,2018-08-02 11:52:31.805549+00,
804,804,,,4372 Hvedemarken,,Ryslinge,13734,2018-08-02 11:52:31.805549+00,
805,805,,,3646 Aastrupvej,,Agerbæk,18682,2018-08-02 11:52:31.805549+00,
806,806,,,4817 Strandgårdsvej,,Frederiksberg,99180,2018-08-02 11:52:31.805549+00,
807,807,,,7045 Avenida De Salamanca,,Toledo,35648,2018-08-02 11:52:31.805549+00,
808,808,,,9129 Møllevænget,,Silkeboeg,97338,2018-08-02 11:52:31.805549+00,
809,809,,,2199 The Green,,Manchester,FG02 0TT,2018-08-02 11:52:31.805549+00,
810,810,,,2398 Bulevardi,,Lumijoki,90191,2018-08-02 11:52:31.805549+00,
811,811,,,9612 Bollinger Rd,,Albury,8952,2018-08-02 11:52:31.805549+00,
812,812,,,3849 Dorstige Hartsteeg,,Schinnen,72722,2018-08-02 11:52:31.805549+00,
813,813,,,5123 Rua Santa Catarina ,,Americana,24027,2018-08-02 11:52:31.805549+00,
814,814,,,3554 Gammel Skolevej,,Ølstykke,68509,2018-08-02 11:52:31.805549+00,
815,815,,,3333 Lakeview St,,Woodbridge,30131,2018-08-02 11:52:31.805549+00,
816,816,,,6271 Harrison Ct,,Bendigo,759,2018-08-02 11:52:31.805549+00,
817,817,,,432 Nobeldwarsstraat,,Waddinxveen,25863,2018-08-02 11:52:31.805549+00,
818,818,,,8461 Edwards Rd,,Norfolk,32246,2018-08-02 11:52:31.805549+00,
819,819,,,17 Stadion Alle,,Oure,29588,2018-08-02 11:52:31.805549+00,
820,820,,,6959 Rue De La Mairie,,Buchberg,7797,2018-08-02 11:52:31.805549+00,
821,821,,,1499 Rue Dumenge,,Quinto,6034,2018-08-02 11:52:31.805549+00,
822,822,,,8423 North Road,,Salisbury,U90 4LJ,2018-08-02 11:52:31.805549+00,
823,823,,,Lindenweg 155,,Spree-Neiße,14885,2018-08-02 11:52:31.805549+00,
824,824,,,2747 Dronningensgade,,Kongens  Lyngby,42234,2018-08-02 11:52:31.805549+00,
825,825,,,3948 Rue Du Bon-Pasteur,,Meilen,9948,2018-08-02 11:52:31.805549+00,
826,826,,,7226 Place De La Mairie,,Loveresse,3612,2018-08-02 11:52:31.805549+00,
827,827,,,1205 Rue Gasparin,,Kaltbrunn,7938,2018-08-02 11:52:31.805549+00,
828,828,,,5966 Fairview Road,,Sheffield,PH6 7JE,2018-08-02 11:52:31.805549+00,
829,829,,,8211 Rua Vinte De Setembro,,Guarapuava,18622,2018-08-02 11:52:31.805549+00,
830,830,,,1747 Rua Vinte E Dois ,,Ribeirão Das Neves,15214,2018-08-02 11:52:31.805549+00,
831,831,,,6256 Haderslevvej,,Nykøbing Sj.,46395,2018-08-02 11:52:31.805549+00,
832,832,,,1773 Chester Road,,Sunderland,HR6F 1DT,2018-08-02 11:52:31.805549+00,
833,833,,,9297 Parker Rd,,Launceston,7383,2018-08-02 11:52:31.805549+00,
834,834,,,9355 Rautatienkatu,,Köyliö,13727,2018-08-02 11:52:31.805549+00,
835,835,,,5707 Paseo De Zorrilla,,Murcia,25604,2018-08-02 11:52:31.805549+00,
836,836,,,6877 Rue Saint-Georges,,Rottenschwil,5850,2018-08-02 11:52:31.805549+00,
837,837,,,3445 James St,,Mobile,68892,2018-08-02 11:52:31.805549+00,
838,838,,,7629 Egeskovvej,,København V,90774,2018-08-02 11:52:31.805549+00,
839,839,,,Ringstraße 54,,Oppenheim,43118,2018-08-02 11:52:31.805549+00,
840,840,,,158 Blossom Hill Rd,,Downey,54342,2018-08-02 11:52:31.805549+00,
841,841,,,8063 West Street,,Dundee,SL6 5SD,2018-08-02 11:52:31.805549+00,
842,842,,,656 Wulpstraat,,Mill En Sint Hubert,59508,2018-08-02 11:52:31.805549+00,
843,843,,,5298 Stadsbuitengracht,,Westland,63322,2018-08-02 11:52:31.805549+00,
844,844,,,1140 Fynsgade,,Kvistgaard,84466,2018-08-02 11:52:31.805549+00,
845,845,,,Römerstraße 157,,Trebsen/Mulde,26871,2018-08-02 11:52:31.805549+00,
846,846,,,1194 Highfield Road,,Southampton,ZI0 3LN,2018-08-02 11:52:31.805549+00,
847,847,,,6685 W 6th St,,Shepparton,3075,2018-08-02 11:52:31.805549+00,
848,848,,,6869 Samaritan Dr,,Sydney,2178,2018-08-02 11:52:31.805549+00,
849,849,,,206 Kingsway,,Westminster,DT6 8LZ,2018-08-02 11:52:31.805549+00,
850,850,,,2292 Photinia Ave,,Gresham,29814,2018-08-02 11:52:31.805549+00,
851,851,,,9205 Satakennankatu,,Taivassalo,21952,2018-08-02 11:52:31.805549+00,
852,852,,,6536 E Pecan St,,West Jordan,97996,2018-08-02 11:52:31.805549+00,
853,853,,,781 Rue Bataille,,Nenzlingen,4049,2018-08-02 11:52:31.805549+00,
854,854,,,251 W Belt Line Rd,,Gladstone,1417,2018-08-02 11:52:31.805549+00,
855,855,,,548 Samaritan Dr,,Thousand Oaks,54998,2018-08-02 11:52:31.805549+00,
856,856,,,1008 Hermiankatu,,Sottunga,20936,2018-08-02 11:52:31.805549+00,
857,857,,,4916 Sterrenburg,,Coevorden,42575,2018-08-02 11:52:31.805549+00,
858,858,,,9799 Avenue Jean-Jaurès,,Härkingen,2139,2018-08-02 11:52:31.805549+00,
859,859,,,4286 North Street,,Stevenage,IG7 4RP,2018-08-02 11:52:31.805549+00,
860,860,,,1634 Calle Del Arenal,,Vitoria,19600,2018-08-02 11:52:31.805549+00,
861,861,,,5329 Servetstraat,,Vianen,12926,2018-08-02 11:52:31.805549+00,
862,862,,,3299 Adriaen Van Ostadelaan,,Deventer,48692,2018-08-02 11:52:31.805549+00,
863,863,,,9138 Calle De La Democracia,,Torrevieja,41867,2018-08-02 11:52:31.805549+00,
864,864,,,7266 Calle De Alberto Aguilera,,Torrente,41029,2018-08-02 11:52:31.805549+00,
865,865,,,7485 W Campbell Ave,,Jacksonville,13284,2018-08-02 11:52:31.805549+00,
866,866,,,3579 W Campbell Ave,,Red Bluff,54500,2018-08-02 11:52:31.805549+00,
867,867,,,7065 Rua Principal,,Aracaju,56176,2018-08-02 11:52:31.805549+00,
868,868,,,6017 The Crescent,,Chester,LG41 5WZ,2018-08-02 11:52:31.805549+00,
869,869,,,Bachstraße 17,,Bonn,89395,2018-08-02 11:52:31.805549+00,
870,870,,,Kirchgasse 160,,Tengen,67525,2018-08-02 11:52:31.805549+00,
871,871,,,1080 Rua José Bonifácio ,,Castanhal,75492,2018-08-02 11:52:31.805549+00,
872,872,,,Friedhofstraße 8,,Herzogenaurach,14869,2018-08-02 11:52:31.805549+00,
873,873,,,5357 Vesterhavsvej,,V.Skerninge,73020,2018-08-02 11:52:31.805549+00,
874,874,,,2087 Apollovej,,Rødvig Stevns,66856,2018-08-02 11:52:31.805549+00,
875,875,,,8896 Pirkankatu,,Janakkala,45448,2018-08-02 11:52:31.805549+00,
876,876,,,1897 Rue De L'Abbé-Grégoire,,Wallbach,3238,2018-08-02 11:52:31.805549+00,
877,877,,,729 Nørrebro,,Billum,51906,2018-08-02 11:52:31.805549+00,
878,878,,,5843 Søndergade,,Frederiksberg,83052,2018-08-02 11:52:31.805549+00,
879,879,,,8524 Rua Pernambuco ,,Campos Dos Goytacazes,25364,2018-08-02 11:52:31.805549+00,
880,880,,,1208 Timber Wolf Trail,,Huntington Beach,37479,2018-08-02 11:52:31.805549+00,
881,881,,,8890 White Oak Dr,,Sunshine Coast,7626,2018-08-02 11:52:31.805549+00,
882,882,,,7825 Pockrus Page Rd,,Ironville,25718,2018-08-02 11:52:31.805549+00,
883,883,,,Jahnstraße 163,,Burghausen,59253,2018-08-02 11:52:31.805549+00,
884,884,,,6088 Næstvedvej,,Roslev,46190,2018-08-02 11:52:31.805549+00,
885,885,,,8065 Place De L'Europe,,Rüschlikon,6560,2018-08-02 11:52:31.805549+00,
886,886,,,6131 Villavej,,Randers Nv,53905,2018-08-02 11:52:31.805549+00,
887,887,,,4705 Bruce St,,Sydney,7105,2018-08-02 11:52:31.805549+00,
888,888,,,45 Mockingbird Hill,,Richmond,17018,2018-08-02 11:52:31.805549+00,
889,889,,,9422 Kanaalweg,,Beverwijk,59790,2018-08-02 11:52:31.805549+00,
890,890,,,389 Hickory Creek Dr,,Albury,4574,2018-08-02 11:52:31.805549+00,
891,891,,,7415 Beco Dos Namorados,,Jaraguá Do Sul,49409,2018-08-02 11:52:31.805549+00,
892,892,,,9579 Springfield Road,,Chester,LF3F 7RP,2018-08-02 11:52:31.805549+00,
893,893,,,Ringstraße 73,,Brück,65828,2018-08-02 11:52:31.805549+00,
894,894,,,297 Fincher Rd,,Darwin,606,2018-08-02 11:52:31.805549+00,
895,895,,,8378 Slagelsevej,,Agerbæk,88936,2018-08-02 11:52:31.805549+00,
896,896,,,Eichenweg 168,,Waldkappel,63953,2018-08-02 11:52:31.805549+00,
897,897,,,2649 Parcelvej,,Århus C.,91426,2018-08-02 11:52:31.805549+00,
898,898,,,6079 Adelgade,,Askeby,43035,2018-08-02 11:52:31.805549+00,
899,899,,,3130 Spring St,,Hampton,88007,2018-08-02 11:52:31.805549+00,
900,900,,,6226 Crockett St,,Elizabeth,54906,2018-08-02 11:52:31.805549+00,
901,901,,,6746 Dalgårdsvej,,Snertinge,92456,2018-08-02 11:52:31.805549+00,
902,902,,,4102 Calle De Arganzuela,,Orihuela,97746,2018-08-02 11:52:31.805549+00,
903,903,,,700 Mosegårdsvej,,Silkeboeg,39464,2018-08-02 11:52:31.805549+00,
904,904,,,3523 Leidseveer,,Beverwijk,23795,2018-08-02 11:52:31.805549+00,
905,905,,,6711 Bygvænget,,Jerslev Sj,83441,2018-08-02 11:52:31.805549+00,
906,906,,,259 Reijolankatu,,Puumala,28429,2018-08-02 11:52:31.805549+00,
907,907,,,7650 Camden Ave,,Geraldton,9430,2018-08-02 11:52:31.805549+00,
908,908,,,3278 Avenue Goerges Clémenceau,,Degersheim,2640,2018-08-02 11:52:31.805549+00,
909,909,,,6068 Rua São Pedro ,,Barreiras,17477,2018-08-02 11:52:31.805549+00,
910,910,,,5028 Grove Road,,Stevenage,YG55 4ZA,2018-08-02 11:52:31.805549+00,
911,911,,,1046 Myllypuronkatu,,Honkajoki,20673,2018-08-02 11:52:31.805549+00,
912,912,,,3918 Skovduevej,,Nykøbing Sj.,29131,2018-08-02 11:52:31.805549+00,
913,913,,,2793 Rautatienkatu,,Hattula,12665,2018-08-02 11:52:31.805549+00,
914,914,,,5782 E Center St,,Indianapolis,83092,2018-08-02 11:52:31.805549+00,
915,915,,,Danziger Straße 124,,Rabenau,27440,2018-08-02 11:52:31.805549+00,
916,916,,,2643 Burgemeester Reigerstraat,,Bergen,57865,2018-08-02 11:52:31.805549+00,
917,917,,,2417 Suvantokatu,,Kangasniemi,14819,2018-08-02 11:52:31.805549+00,
918,918,,,2254 Lyngevej,,København Sv,66060,2018-08-02 11:52:31.805549+00,
919,919,,,7852 Victoria Road,,Worcester,PA0 9AF,2018-08-02 11:52:31.805549+00,
920,920,,,9818 Avenida De Salamanca,,Cuenca,57242,2018-08-02 11:52:31.805549+00,
921,921,,,4502 Avenida De América,,Sevilla,98741,2018-08-02 11:52:31.805549+00,
922,922,,,3038 Calle De Téllez,,Cuenca,32195,2018-08-02 11:52:31.805549+00,
923,923,,,Kapellenweg 96,,Wanfried,10716,2018-08-02 11:52:31.805549+00,
924,924,,,3051 Rue De L'Abbé-Groult,,Herznach,1859,2018-08-02 11:52:31.805549+00,
925,925,,,4264 Blichersvej,,Billum,98160,2018-08-02 11:52:31.805549+00,
926,926,,,5072 Tahmelantie,,Puumala,63228,2018-08-02 11:52:31.805549+00,
927,927,,,2836 Rua Dom Pedro Ii ,,São José Dos Pinhais,57612,2018-08-02 11:52:31.805549+00,
928,928,,,7895 Calle De Tetuán,,Murcia,79722,2018-08-02 11:52:31.805549+00,
929,929,,,Erlenweg 108,,Bad Berka,88288,2018-08-02 11:52:31.805549+00,
930,930,,,3206 Rua Santa Rita ,,Alagoinhas,39153,2018-08-02 11:52:31.805549+00,
931,931,,,1027 Mechelininkatu,,Myrskylä,29102,2018-08-02 11:52:31.805549+00,
932,932,,,3840 Queen Street,,Liverpool,WI0V 5DL,2018-08-02 11:52:31.805549+00,
933,933,,,4427 Herredsvej,,Aarhus N,19765,2018-08-02 11:52:31.805549+00,
934,934,,,8008 Forest Ln,,North Charleston,37611,2018-08-02 11:52:31.805549+00,
935,935,,,1856 Main Road,,Chichester,ER1I 2EL,2018-08-02 11:52:31.805549+00,
936,936,,,1918 Rua São Pedro ,,Jequié,39929,2018-08-02 11:52:31.805549+00,
937,937,,,9008 Dronningensgade,,Snertinge,28824,2018-08-02 11:52:31.805549+00,
938,938,,,Uhlandstraße 197,,Liebenwalde,52092,2018-08-02 11:52:31.805549+00,
939,939,,,4637 Bollinger Rd,,Perth,9767,2018-08-02 11:52:31.805549+00,
940,940,,,6534 Marsh Ln,,Maitland,9966,2018-08-02 11:52:31.805549+00,
941,941,,,2985 Grøndalsvej,,Ansager,55606,2018-08-02 11:52:31.805549+00,
942,942,,,3725 Hermiankatu,,Kannonkoski,92599,2018-08-02 11:52:31.805549+00,
943,943,,,9901 Pirkankatu,,Kalajoki,68796,2018-08-02 11:52:31.805549+00,
944,944,,,2584 Syrenvej,,Gørløse,86571,2018-08-02 11:52:31.805549+00,
945,945,,,1321 Otavalankatu,,Hanko,50440,2018-08-02 11:52:31.805549+00,
946,946,,,5763 First Street,,Australian Capital Territory,9390,2018-08-02 11:52:31.805549+00,
947,947,,,8110 Rua Maranhão ,,Caraguatatuba,92373,2018-08-02 11:52:31.805549+00,
948,948,,,9302 Ronda De Toledo,,Vigo,17664,2018-08-02 11:52:31.805549+00,
949,949,,,5869 Rua São Pedro ,,Betim,69288,2018-08-02 11:52:31.805549+00,
950,950,,,9937 Grande Rue,,Schlosswil,8125,2018-08-02 11:52:31.805549+00,
951,951,,,4040 Visiokatu,,Miehikkälä,41085,2018-08-02 11:52:31.805549+00,
952,952,,,607 Avenue Des Ternes,,Eppenberg-Wöschnau,8699,2018-08-02 11:52:31.805549+00,
953,953,,,1285 Rua Vinte E Um,,Novo Hamburgo,76229,2018-08-02 11:52:31.805549+00,
954,954,,,7137 Myllypuronkatu,,Jakobstad,66193,2018-08-02 11:52:31.805549+00,
955,955,,,8804 Hamilton Ave,,Bundaberg,3410,2018-08-02 11:52:31.805549+00,
956,956,,,4629 Saddle Dr,,Pompano Beach,55478,2018-08-02 11:52:31.805549+00,
957,957,,,2143 E Center St,,Geelong,5694,2018-08-02 11:52:31.805549+00,
958,958,,,6398 Vejlevej,,Randers Nv,77731,2018-08-02 11:52:31.805549+00,
959,959,,,6985 Rua Boa Vista ,,Balneário Camboriú,96500,2018-08-02 11:52:31.805549+00,
960,960,,,989 Rue Louis-Garrand,,Hinterrhein,5049,2018-08-02 11:52:31.805549+00,
961,961,,,Kastanienweg 128,,Schierbrok,86714,2018-08-02 11:52:31.805549+00,
975,975,,,Schlossstraße 101,,Rüthen,46984,2018-08-02 11:52:31.805549+00,
962,962,,,4539 Green Lane,,Nottingham,U3P 7WU,2018-08-02 11:52:31.805549+00,
963,963,,,1174 Rue Bossuet,,Montet (Glâne),2406,2018-08-02 11:52:31.805549+00,
964,964,,,2343 Kildebakken,,Viby Sj.,55598,2018-08-02 11:52:31.805549+00,
965,965,,,466 Avenida De Salamanca,,Cartagena,90487,2018-08-02 11:52:31.805549+00,
966,966,,,441 Mechelininkatu,,Haapajärvi,36816,2018-08-02 11:52:31.805549+00,
967,967,,,7721 Rua Doze ,,Linhares,79278,2018-08-02 11:52:31.805549+00,
968,968,,,7740 Itsenäisyydenkatu,,Lohja,15815,2018-08-02 11:52:31.805549+00,
969,969,,,6657 Hatanpään Valtatie,,Tornio,45409,2018-08-02 11:52:31.805549+00,
970,970,,,2597 Mølleparken,,Nørre Sundby,33729,2018-08-02 11:52:31.805549+00,
971,971,,,2226 Pyynikintie,,Kauniainen,33217,2018-08-02 11:52:31.805549+00,
972,972,,,3946 Avenida Vinícius De Morais,,Camaçari,80404,2018-08-02 11:52:31.805549+00,
973,973,,,1708 Mcgowen St,,Costa Mesa,21789,2018-08-02 11:52:31.805549+00,
974,974,,,7604 Lucasbolwerk,,Lisse,53503,2018-08-02 11:52:31.805549+00,
976,976,,,212 Boulevard De La Duchère,,Seedorf (Be),9888,2018-08-02 11:52:31.805549+00,
977,977,,,Erlenweg 41,,Niesky,24986,2018-08-02 11:52:31.805549+00,
978,978,,,6659 Korkeavuorenkatu,,Hämeenlinna,20582,2018-08-02 11:52:31.805549+00,
979,979,,,1380 The Grove,,Worcester,WB48 7NE,2018-08-02 11:52:31.805549+00,
980,980,,,4892 Avondale Ave,,Sydney,9973,2018-08-02 11:52:31.805549+00,
981,981,,,1351 Oosterkade,,Losser,85794,2018-08-02 11:52:31.805549+00,
982,982,,,6665 Nobelstraat,,Hendrik-Ido-Ambacht,50844,2018-08-02 11:52:31.805549+00,
983,983,,,8945 Parker Rd,,Clarksville,57450,2018-08-02 11:52:31.805549+00,
984,984,,,5106 Avenue Tony-Garnier,,Porrentruy,9265,2018-08-02 11:52:31.805549+00,
985,985,,,7950 Lichte Gaard,,Amersfoort,54352,2018-08-02 11:52:31.805549+00,
986,986,,,2163 Church Lane,,Salford,P3X 7JD,2018-08-02 11:52:31.805549+00,
987,987,,,9756 Lange Nieuwstraat,,Ameland,41566,2018-08-02 11:52:31.805549+00,
988,988,,,7420 Rua Castro Alves ,,Sete Lagoas,64895,2018-08-02 11:52:31.805549+00,
989,989,,,2794 Avenida De Salamanca,,Bilbao,75146,2018-08-02 11:52:31.805549+00,
990,990,,,7506 Rua São Jorge ,,Poços De Caldas,30217,2018-08-02 11:52:31.805549+00,
991,991,,,6001 Bruce St,,Albury,8183,2018-08-02 11:52:31.805549+00,
992,992,,,4103 Robinson Rd,,Athens,29164,2018-08-02 11:52:31.805549+00,
993,993,,,Danziger Straße 199,,Wörth An Der Donau,45364,2018-08-02 11:52:31.805549+00,
994,994,,,8701 Brogårdsvej,,Sørvad,58940,2018-08-02 11:52:31.805549+00,
995,995,,,7727 Marsh Ln,,Townsville,8047,2018-08-02 11:52:31.805549+00,
996,996,,,3838 Main Street,,Winchester,BN3I 2HT,2018-08-02 11:52:31.805549+00,
997,997,,,2392 Richmond Road,,St Davids,AJ0 0FT,2018-08-02 11:52:31.805549+00,
998,998,,,6961 Rua Três,,Fortaleza,40718,2018-08-02 11:52:31.805549+00,
999,999,,,Eichenweg 46,,Dömitz,22637,2018-08-02 11:52:31.805549+00,
1000,1000,,,6797 Lakeview St,,Bendigo,8934,2018-08-02 11:52:31.805549+00,
1001,1001,,,5547 Calle Nebrija,,Gandía,93162,2018-08-02 11:52:31.805549+00,
1002,1002,,,2522 Kings Road,,Lincoln,JP1Y 3US,2018-08-02 11:52:31.805549+00,
1003,1003,,,330 Fredrikinkatu,,Ikaalinen,99375,2018-08-02 11:52:31.805549+00,
1004,1004,,,9985 Place Paul-Duquaire,,Jenaz,3903,2018-08-02 11:52:31.805549+00,
1005,1005,,,8273 Gasthuisstraat,,Aa En Hunze,94494,2018-08-02 11:52:31.805549+00,
1006,1006,,,7603 Grove Road,,Plymouth,KY4P 3DN,2018-08-02 11:52:31.805549+00,
1007,1007,,,5622 Rotuaari,,Laitila,36703,2018-08-02 11:52:31.805549+00,
1008,1008,,,Schützenstraße 134,,Neustadt In Sachsen,58263,2018-08-02 11:52:31.805549+00,
1009,1009,,,6571 Elgin St,,Jackson,53539,2018-08-02 11:52:31.805549+00,
1010,1010,,,3003 Calle De Alberto Aguilera,,Sevilla,19150,2018-08-02 11:52:31.805549+00,
1011,1011,,,8686 Catharijnekade,,Leiderdorp,45652,2018-08-02 11:52:31.805549+00,
1012,1012,,,3911 Calle De Téllez,,Valladolid,46074,2018-08-02 11:52:31.805549+00,
1013,1013,,,Poststraße 43,,Bacharach,77586,2018-08-02 11:52:31.805549+00,
1014,1014,,,Fasanenweg 147,,Drebkau,15269,2018-08-02 11:52:31.805549+00,
1015,1015,,,7276 Catharijnesingel,,Horst Aan De Maas,23867,2018-08-02 11:52:31.805549+00,
1016,1016,,,3916 E Little York Rd,,Devonport,7747,2018-08-02 11:52:31.805549+00,
1017,1017,,,6844 Rotuaari,,Hyrynsalmi,15533,2018-08-02 11:52:31.805549+00,
1018,1018,,,4043 Paddock Way,,Melbourne,5422,2018-08-02 11:52:31.805549+00,
1019,1019,,,8093 Dalstrøget,,Øster Assels,58866,2018-08-02 11:52:31.805549+00,
1020,1020,,,8919 Houtensepad,,Lingewaal,98844,2018-08-02 11:52:31.805549+00,
1021,1021,,,4744 Stevens Creek Blvd,,Scurry,62084,2018-08-02 11:52:31.805549+00,
1022,1022,,,4779 Rua Da Saudade,,Arapongas,25313,2018-08-02 11:52:31.805549+00,
1023,1023,,,7723 Bulevardi,,Pieksämäki,87072,2018-08-02 11:52:31.805549+00,
1024,1024,,,7360 Paseo De Extremadura,,Las Palmas De Gran Canaria,60639,2018-08-02 11:52:31.805549+00,
1025,1025,,,8098 Rue De La Fontaine,,Aegerten,8443,2018-08-02 11:52:31.805549+00,
1026,1026,,,Königsberger Straße 169,,Gronau (Westf.),31005,2018-08-02 11:52:31.805549+00,
1027,1027,,,1715 Fredrikinkatu,,Nastola,65962,2018-08-02 11:52:31.805549+00,
1028,1028,,,1300 Westheimer Rd,,Garland,86429,2018-08-02 11:52:31.805549+00,
1029,1029,,,Bachstraße 133,,Dingolfing-Landau,27175,2018-08-02 11:52:31.805549+00,
1030,1030,,,3476 Rua Paraíba ,,Santo André,76242,2018-08-02 11:52:31.805549+00,
1031,1031,,,5443 Queen Street,,Leeds,M9U 3WB,2018-08-02 11:52:31.805549+00,
1032,1032,,,Tulpenweg 67,,Hechingen,17031,2018-08-02 11:52:31.805549+00,
1033,1033,,,Schützenstraße 198,,Riedlingen,79431,2018-08-02 11:52:31.805549+00,
202,202,,,4002 Avenue Debrousse,,Bardonnex,4754,2018-08-02 11:52:31.805549+00,
1034,1034,,,573 W 6th St,,Chicago,41292,2018-08-02 11:52:31.805549+00,
1035,1035,,,8429 Calle De Alcalá,,Gijón,57215,2018-08-02 11:52:31.805549+00,
1036,1036,,,7306 Spring Hill Rd,,Concord,62634,2018-08-02 11:52:31.805549+00,
1037,1037,,,6539 Calle Mota,,Granada,37030,2018-08-02 11:52:31.805549+00,
1038,1038,,,2456 Rue Louis-Garrand,,Winkel,8357,2018-08-02 11:52:31.805549+00,
1039,1039,,,3569 W Sherman Dr,,Busselton,6090,2018-08-02 11:52:31.805549+00,
1040,1040,,,229 Brogade,,København Ø,11525,2018-08-02 11:52:31.805549+00,
1041,1041,,,7148 Calle Nebrija,,Pontevedra,49189,2018-08-02 11:52:31.805549+00,
1042,1042,,,5992 Jernbanevej,,Vesterborg,65516,2018-08-02 11:52:31.805549+00,
1043,1043,,,3224 Oak Ridge Ln,,Townsville,1069,2018-08-02 11:52:31.805549+00,
1044,1044,,,Im Winkel 2,,Lippstadt,84194,2018-08-02 11:52:31.805549+00,
1045,1045,,,7664 Preston Rd,,Greeley,46128,2018-08-02 11:52:31.805549+00,
1046,1046,,,6497 Ringstedvej,,Sundby,37760,2018-08-02 11:52:31.805549+00,
1047,1047,,,2149 Calle Del Pez,,Orihuela,60975,2018-08-02 11:52:31.805549+00,
1048,1048,,,3806 Tværgade,,Rødvig Stevns,82139,2018-08-02 11:52:31.805549+00,
1049,1049,,,Königsberger Straße 88,,Herrnhut,51405,2018-08-02 11:52:31.805549+00,
133,133,,,814 Rua Vinte De Setembro,,Itapetininga,41254,2018-08-02 11:52:31.805549+00,
134,134,,,2008 Rua São Sebastiao ,,João Pessoa,24081,2018-08-02 11:52:31.805549+00,
135,135,,,8965 Place Du 22 Novembre 1943,,S-Chanf,9046,2018-08-02 11:52:31.805549+00,
136,136,,,1232 Parallelvej,,Sundby/Erslev,46740,2018-08-02 11:52:31.805549+00,
137,137,,,6043 Cackson St,,Wagga Wagga,4252,2018-08-02 11:52:31.805549+00,
138,138,,,7339 Calle Del Pez,,Elche,68308,2018-08-02 11:52:31.805549+00,
139,139,,,5995 Egevænget,,Ansager,77476,2018-08-02 11:52:31.805549+00,
140,140,,,2782 Calle De Ángel García,,Santiago De Compostela,28628,2018-08-02 11:52:31.805549+00,
141,141,,,8254 Spring Hill Rd,,Tamworth,321,2018-08-02 11:52:31.805549+00,
142,142,,,693 Poppelvej,,Assens,70091,2018-08-02 11:52:31.805549+00,
143,143,,,Mozartstraße 75,,Bad König,10041,2018-08-02 11:52:31.805549+00,
144,144,,,3300 North Street,,St Davids,F0 9RJ,2018-08-02 11:52:31.805549+00,
145,145,,,5176 Mechelininkatu,,Laihia,67484,2018-08-02 11:52:31.805549+00,
146,146,,,5838 Avenida Da Democracia,,Mogi Guaçu,42517,2018-08-02 11:52:31.805549+00,
147,147,,,7978 Valwood Pkwy,,Newport News,93401,2018-08-02 11:52:31.805549+00,
148,148,,,7588 Bollenhofsestraat,,Oude Ijsselstreek,25308,2018-08-02 11:52:31.805549+00,
149,149,,,957 Rolling Green Rd,,Sterling Heights,43674,2018-08-02 11:52:31.805549+00,
150,150,,,9452 Tingstedet,,Bælum,41236,2018-08-02 11:52:31.805549+00,
151,151,,,3958 Esplanadi,,Iitti,76088,2018-08-02 11:52:31.805549+00,
152,152,,,6695 Northaven Rd,,Waco,58944,2018-08-02 11:52:31.805549+00,
153,153,,,1666 E Pecan St,,Gladstone,3389,2018-08-02 11:52:31.805549+00,
154,154,,,968 Avenida De Salamanca,,Cuenca,37980,2018-08-02 11:52:31.805549+00,
155,155,,,4814 Rue Des Ecrivains,,Ballens,3667,2018-08-02 11:52:31.805549+00,
156,156,,,7557 Rua José Bonifácio ,,Açailândia,49647,2018-08-02 11:52:31.805549+00,
158,158,,,8861 Dogwood Ave,,Orlando,73359,2018-08-02 11:52:31.805549+00,
159,159,,,Hauptstraße 113,,Löningen,60082,2018-08-02 11:52:31.805549+00,
1050,1050,,,9248 Rolighedsvej,,Frederiksberg,38307,2018-08-02 11:52:31.805549+00,
1051,1051,,,5155 Rue De La Mairie,,Préverenges,9256,2018-08-02 11:52:31.805549+00,
1052,1052,,,1063 Myllypuronkatu,,Köyliö,67385,2018-08-02 11:52:31.805549+00,
1053,1053,,,2253 Biltstraat,,Almere,35939,2018-08-02 11:52:31.805549+00,
1054,1054,,,706 Tåstrupvej,,Støvring ,58472,2018-08-02 11:52:31.805549+00,
1055,1055,,,6108 Rua Treze ,,Santana,61376,2018-08-02 11:52:31.805549+00,
1056,1056,,,2509 Aleksanterinkatu,,Hämeenkyrö,67042,2018-08-02 11:52:31.805549+00,
1057,1057,,,103 Catharijnesingel,,Weststellingwerf,31548,2018-08-02 11:52:31.805549+00,
1058,1058,,,Mühlweg 87,,Eberswalde,25529,2018-08-02 11:52:31.805549+00,
1059,1059,,,6896 Breedstraat,,Leek,38422,2018-08-02 11:52:31.805549+00,
1060,1060,,,920 Esplanadi,,Loimaa,96025,2018-08-02 11:52:31.805549+00,
1061,1061,,,4891 Nieuwegracht,,Waddinxveen,98152,2018-08-02 11:52:31.805549+00,
1062,1062,,,679 Steenweg,,Oldambt,23391,2018-08-02 11:52:31.805549+00,
1063,1063,,,6283 Calle Del Prado,,San Sebastián De Los Reyes,92368,2018-08-02 11:52:31.805549+00,
1064,1064,,,7337 Bollinger Rd,,Bunbury,971,2018-08-02 11:52:31.805549+00,
1065,1065,,,8595 Rue De L'Abbé-Groult,,Pfaffnau,8693,2018-08-02 11:52:31.805549+00,
1066,1066,,,6817 Rue Principale,,Dozwil,9112,2018-08-02 11:52:31.805549+00,
1067,1067,,,6666 Pockrus Page Rd,,Chula Vista,78722,2018-08-02 11:52:31.805549+00,
1068,1068,,,7289 Avenue Jean-Jaurès,,Flawil,7212,2018-08-02 11:52:31.805549+00,
1069,1069,,,4898 Pecan Acres Ln,,Bowral,4267,2018-08-02 11:52:31.805549+00,
1070,1070,,,7428 Herenstraat,,Veere,69178,2018-08-02 11:52:31.805549+00,
1071,1071,,,4362 Rua Rio De Janeiro ,,Catanduva,53365,2018-08-02 11:52:31.805549+00,
1072,1072,,,7017 Pockrus Page Rd,,Cairns,4039,2018-08-02 11:52:31.805549+00,
1073,1073,,,4582 Pispalan Valtatie,,Lemi,17288,2018-08-02 11:52:31.805549+00,
1074,1074,,,9779 Havremarken,,Klitmøller,16741,2018-08-02 11:52:31.805549+00,
1075,1075,,,2646 Fairview St,,Bathurst,7785,2018-08-02 11:52:31.805549+00,
1076,1076,,,6950 Church Lane,,Westminster,JW7R 2TU,2018-08-02 11:52:31.805549+00,
210,210,,,9899 Calle De Argumosa,,Guadalajara,54695,2018-08-02 11:52:31.805549+00,
211,211,,,4189 Valley View Ln,,Tweed,6411,2018-08-02 11:52:31.805549+00,
212,212,,,1852 Stevens Creek Blvd,,Nowra,705,2018-08-02 11:52:31.805549+00,
213,213,,,5206 Drift,,Geldrop-Mierlo,35735,2018-08-02 11:52:31.805549+00,
214,214,,,Breslauer Straße 70,,Lauenburg/Elbe,36265,2018-08-02 11:52:31.805549+00,
215,215,,,9932 Calle De Ferraz,,Pontevedra,58559,2018-08-02 11:52:31.805549+00,
216,216,,,2046 Rua Amazonas ,,Diadema,34611,2018-08-02 11:52:31.805549+00,
217,217,,,4816 Zuilenstraat,,Stede Broec,88091,2018-08-02 11:52:31.805549+00,
218,218,,,8855 Rua Duque De Caxias ,,Ribeirão Pires,41281,2018-08-02 11:52:31.805549+00,
219,219,,,476 Saddle Dr,,Jacksonville,81022,2018-08-02 11:52:31.805549+00,
220,220,,,Grüner Weg 94,,Munderkingen,53116,2018-08-02 11:52:31.805549+00,
221,221,,,8937 Rue De L'Abbé-Soulange-Bodin,,Buttwil,8442,2018-08-02 11:52:31.805549+00,
222,222,,,8525 Mechelininkatu,,Eckerö,32498,2018-08-02 11:52:31.805549+00,
223,223,,,9386 Servetstraat,,Rijssen-Holten,51481,2018-08-02 11:52:31.805549+00,
224,224,,,9187 W Dallas St,,Edgewood,68153,2018-08-02 11:52:31.805549+00,
225,225,,,6269 Rue Des Jardins,,Sessa,3222,2018-08-02 11:52:31.805549+00,
226,226,,,2920 Rua Treze ,,Belém,13218,2018-08-02 11:52:31.805549+00,
227,227,,,7766 Monseigneur Van De Weteringstraat,,Leudal,15754,2018-08-02 11:52:31.805549+00,
228,228,,,Meisenweg 115,,Volkach,22398,2018-08-02 11:52:31.805549+00,
229,229,,,9228 Donkerstraat,,Alblasserdam,47041,2018-08-02 11:52:31.805549+00,
1094,1094,,,5843 Boothstraat,,Hoogeveen,14589,2018-08-02 11:52:31.805549+00,
1095,1095,,,9684 Rua São Luiz ,,Macaé,26014,2018-08-02 11:52:31.805549+00,
1096,1096,,,2617 Majellapark,,Drechterland,39404,2018-08-02 11:52:31.805549+00,
1097,1097,,,1481 Mockingbird Hill,,Pittsburgh,90265,2018-08-02 11:52:31.805549+00,
1098,1098,,,6330 Rua Dom Pedro Ii ,,Curitiba,93701,2018-08-02 11:52:31.805549+00,
1099,1099,,,9752 Mcclellan Rd,,Bowral,7150,2018-08-02 11:52:31.805549+00,
1100,1100,,,2354 Avenida D. Pedro Ii,,Santa Cruz Do Sul,18649,2018-08-02 11:52:31.805549+00,
1101,1101,,,8652 Twijnstraat Aan De Werf,,Kampen,22789,2018-08-02 11:52:31.805549+00,
230,230,,,1147 Granvej,,Ishoej,30621,2018-08-02 11:52:31.805549+00,
231,231,,,Breslauer Straße 185,,Gronau (Leine),38510,2018-08-02 11:52:31.805549+00,
232,232,,,3974 Victoria Street,,Cardiff,G06 0XD,2018-08-02 11:52:31.805549+00,
233,233,,,8074 Kings Road,,Truro,CP32 5WB,2018-08-02 11:52:31.805549+00,
157,157,,,7500 Muntstraat,,Maasdriel,21702,2018-08-02 11:52:31.805549+00,
1102,102,,,Kirchgasse 26,,Bad Marienberg (Westerwald),82340,2018-08-02 11:52:31.805549+00,
1103,103,,,6660 Hämeenkatu,,Loimaa,54559,2018-08-02 11:52:31.805549+00,
1104,104,,,8978 Church Street,,Winchester,X4 0NH,2018-08-02 11:52:31.805549+00,
1105,105,,,9671 Station Road,,Cambridge,XR50 3JG,2018-08-02 11:52:31.805549+00,
1107,107,,,6091 Calle De Arganzuela,,Murcia,77653,2018-08-02 11:52:31.805549+00,
1130,130,,,6655 Havnegade,,Vesterborg,86694,2018-08-02 11:52:31.805549+00,
1131,131,,,9068 Calle De Alberto Aguilera,,Logroño,41500,2018-08-02 11:52:31.805549+00,
1132,132,,,2142 Poortstraat,,Zaltbommel,17873,2018-08-02 11:52:31.805549+00,
1106,106,,,Wiesenweg 42,,Oderberg,67578,2018-08-02 11:52:31.805549+00,
